[worker] pending job found: 81ad3657-eda7-4bb4-81f6-59ba60f660e2
[worker] claimGenerationJob result: null — lost race or already taken
[worker] pending job found: 7ada5562-9615-433a-8f06-d89d1747e42c
[worker] claimGenerationJob result: claimed
[worker] calling runGenerationPipeline 7ada5562-9615-433a-8f06-d89d1747e42c
[PIPELINE] start 7ada5562-9615-433a-8f06-d89d1747e42c
[PIPELINE] stage 1 done — job claimed by worker 7ada5562-9615-433a-8f06-d89d1747e42c
[PIPELINE] calling runStages 7ada5562-9615-433a-8f06-d89d1747e42c
[PIPELINE] runStages start 7ada5562-9615-433a-8f06-d89d1747e42c targetAssetId: hat_gen_7ada5562
[PIPELINE] stage 2 start — calling avatar_assets ownership query 7ada5562-9615-433a-8f06-d89d1747e42c
[PIPELINE] stage 2 done 7ada5562-9615-433a-8f06-d89d1747e42c
[PIPELINE] stage 3 — generating GLB + PNG bytes 7ada5562-9615-433a-8f06-d89d1747e42c
[PIPELINE] stage 3 — bytes generated, GLB: 48 thumb: 67
[PIPELINE] stage 3 — calling uploadFileBytes GLB staging 7ada5562-9615-433a-8f06-d89d1747e42c 7ada5562-9615-433a-8f06-d89d1747e42c/generated.glb
[PIPELINE] stage 3 — calling uploadFileBytes thumbnail staging 7ada5562-9615-433a-8f06-d89d1747e42c 7ada5562-9615-433a-8f06-d89d1747e42c/thumbnail.png
[PIPELINE] stage 3 — calling setGeneratedFiles 7ada5562-9615-433a-8f06-d89d1747e42c
[DB] setGeneratedFiles calling RPC 7ada5562-9615-433a-8f06-d89d1747e42c { previousVersion: 0, claimedAt: "2026-05-08T14:57:50.292772+00:00" }
[PIPELINE] stage 3 done 7ada5562-9615-433a-8f06-d89d1747e42c
[PIPELINE] stage 4 start — calling checkCopyright 7ada5562-9615-433a-8f06-d89d1747e42c
[PIPELINE] stage 4 — calling setCopyrightReview, verdict: clear 7ada5562-9615-433a-8f06-d89d1747e42c
[DB] query created 7ada5562-9615-433a-8f06-d89d1747e42c
[DB] query resolved 7ada5562-9615-433a-8f06-d89d1747e42c
[DB] parsed result 7ada5562-9615-433a-8f06-d89d1747e42c HAS DATA NO ERROR
[PIPELINE] stage 4 — setCopyrightReview returned, updatedJob: set 7ada5562-9615-433a-8f06-d89d1747e42c
[PIPELINE] stage 4 done — setCopyrightReview CAS passed, result: clear 7ada5562-9615-433a-8f06-d89d1747e42c
[PIPELINE] stage 5 done — copyright gate passed, proceeding to stages 6-8 7ada5562-9615-433a-8f06-d89d1747e42c
[PIPELINE] stage 5 — SKIP_ONBOARDING: false 7ada5562-9615-433a-8f06-d89d1747e42c
[PIPELINE] stage 6 start — production re-check 7ada5562-9615-433a-8f06-d89d1747e42c
[PIPELINE] stage 6 start — supabase.from(avatar_assets).select(production_enabled) 7ada5562-9615-433a-8f06-d89d1747e42c hat_gen_7ada5562
[PIPELINE] stage 6 — production recheck returned, recheckError: none recheckAsset: null 7ada5562-9615-433a-8f06-d89d1747e42c
[PIPELINE] stage 6 done — production recheck passed 7ada5562-9615-433a-8f06-d89d1747e42c
[PIPELINE] stage 7 start — buildOnboardingMetadata 7ada5562-9615-433a-8f06-d89d1747e42c
[PIPELINE] stage 7 — buildOnboardingMetadata done, glbStagingStoragePath: 7ada5562-9615-433a-8f06-d89d1747e42c/generated.glb 7ada5562-9615-433a-8f06-d89d1747e42c
[PIPELINE] stage 7 — calling onboardingSubmit 7ada5562-9615-433a-8f06-d89d1747e42c triggeredBy: generation-pipeline:7ada5562-9615-433a-8f06-d89d1747e42c glbStagingStoragePath: 7ada5562-9615-433a-8f06-d89d1747e42c/generated.glb onboardingMetadata: {"schema_version":"1.0","identity":{"asset_id":"hat_gen_7ada5562","slot":"hat","display_name":"a classic baseball cap with a curved peak","version":"1.0","status":"draft","created_by":"generation-pipeline:7ada5562-9615-433a-8f06-d89d1747e42c","created_at":"2026-05-08","approved_by":null,"approved_at":null},"classification":{"rarity":"standard","school_safe":false,"moderation_required":true,"whitelist_approved":false},"visual":{"primary_color":null,"secondary_color":null,"accent_color":null,"silhouette_type":"hat","thumbnail_priority":5},"technical":{"polycount_max":10000,"polycount_actual":1,"texture_resolution":"256x256","texture_format":"png","texture_embedded":false,"export_format":"glb","file_size_kb_max":1024,"file_size_kb_actual":1,"attachment_type":"parented","attachment_bone":"attach_head","rig_required":false},"validation":{"copyright_review_passed":false,"school_safe_review_passed":false,"thumbnail_readability_passed":false,"clipping_test_passed":false,"browser_validation_passed":false,"qa_approved":false},"forbidden_reference_check":{"fortnite":false,"roblox":false,"minecraft":false,"nike":false,"adidas":false,"jordan":false,"marvel":false,"disney":false,"star_wars":false,"political_symbols":false,"nazi_symbols":false},"deployment":{"production_enabled":false,"release_group":"v1","rollout_stage":"none"},"audit":{"last_modified_by":"generation-pipeline:7ada5562-9615-433a-8f06-d89d1747e42c","last_modified_at":"2026-05-08","review_notes":null}}
[PIPELINE] stage 7 — onboardingSubmit returned 7ada5562-9615-433a-8f06-d89d1747e42c
[PIPELINE] stage 7 — onboardingResult raw: {"success":true,"action":"submit","asset_id":"hat_gen_7ada5562","message":"Asset onboarded successfully — 1 warning(s) recorded","asset":{"asset_id":"hat_gen_7ada5562","slot":"hat","display_name":"a classic baseball cap with a curved peak","current_status":"draft","production_enabled":false,"storage_path":"7ada5562-9615-433a-8f06-d89d1747e42c/generated.glb","metadata":{"audit":{"review_notes":null,"last_modified_at":"2026-05-08","last_modified_by":"generation-pipeline:7ada5562-9615-433a-8f06-d89d1747e42c"},"visual":{"accent_color":null,"primary_color":null,"secondary_color":null,"silhouette_type":"hat","thumbnail_priority":5},"identity":{"slot":"hat","status":"draft","version":"1.0","asset_id":"hat_gen_7ada5562","created_at":"2026-05-08","created_by":"generation-pipeline:7ada5562-9615-433a-8f06-d89d1747e42c","approved_at":null,"approved_by":null,"display_name":"a classic baseball cap with a curved peak"},"technical":{"rig_required":false,"export_format":"glb","polycount_max":10000,"texture_format":"png","attachment_bone":"attach_head","attachment_type":"parented","file_size_kb_max":1024,"polycount_actual":1,"texture_embedded":false,"texture_resolution":"256x256","file_size_kb_actual":1},"deployment":{"release_group":"v1","rollout_stage":"none","production_enabled":false},"validation":{"qa_approved":false,"clipping_test_passed":false,"copyright_review_passed":false,"browser_validation_passed":false,"school_safe_review_passed":false,"thumbnail_readability_passed":false},"classification":{"rarity":"standard","school_safe":false,"whitelist_approved":false,"moderation_required":true},"schema_version":"1.0","forbidden_reference_check":{"nike":false,"adidas":false,"disney":false,"jordan":false,"marvel":false,"roblox":false,"fortnite":false,"minecraft":false,"star_wars":false,"nazi_symbols":false,"political_symbols":false}},"created_by":"generation-pipeline:7ada5562-9615-433a-8f06-d89d1747e42c","created_at":"2026-05-08T14:57:52.227+00:00","last_modified_by":"generation-pipeline:7ada5562-9615-433a-8f06-d89d1747e42c","last_modified_at":"2026-05-08T14:57:52.227+00:00"},"validation_run":{"id":"11f3b2f6-3b6f-47e2-a487-608a96f14cee","asset_id":"hat_gen_7ada5562","run_at":"2026-05-08T14:57:52.325394+00:00","triggered_by":"generation-pipeline:7ada5562-9615-433a-8f06-d89d1747e42c","payload":{"audit":{"review_notes":null,"last_modified_at":"2026-05-08","last_modified_by":"generation-pipeline:7ada5562-9615-433a-8f06-d89d1747e42c"},"visual":{"accent_color":null,"primary_color":null,"secondary_color":null,"silhouette_type":"hat","thumbnail_priority":5},"identity":{"slot":"hat","status":"draft","version":"1.0","asset_id":"hat_gen_7ada5562","created_at":"2026-05-08","created_by":"generation-pipeline:7ada5562-9615-433a-8f06-d89d1747e42c","approved_at":null,"approved_by":null,"display_name":"a classic baseball cap with a curved peak"},"technical":{"rig_required":false,"export_format":"glb","polycount_max":10000,"texture_format":"png","attachment_bone":"attach_head","attachment_type":"parented","file_size_kb_max":1024,"polycount_actual":1,"texture_embedded":false,"texture_resolution":"256x256","file_size_kb_actual":1},"deployment":{"release_group":"v1","rollout_stage":"none","production_enabled":false},"validation":{"qa_approved":false,"clipping_test_passed":false,"copyright_review_passed":false,"browser_validation_passed":false,"school_safe_review_passed":false,"thumbnail_readability_passed":false},"classification":{"rarity":"standard","school_safe":false,"whitelist_approved":false,"moderation_required":true},"schema_version":"1.0","forbidden_reference_check":{"nike":false,"adidas":false,"disney":false,"jordan":false,"marvel":false,"roblox":false,"fortnite":false,"minecraft":false,"star_wars":false,"nazi_symbols":false,"political_symbols":false}},"response":{"valid":true,"errors":[],"asset_id":"hat_gen_7ada5562","warnings":[{"field":"technical.polycount_actual","actual":"1","message":"polycount_actual is at or below 50% of polycount_max — asset may be under-detailed for its declared budget","rule_id":"RULE-NUM-005","expected":"> 5000 (50% of polycount_max 10000)","severity":"WARNING"}],"manual_review_flags":[]},"valid":true,"error_count":0,"warning_count":1,"manual_review_count":0},"validation_errors":[],"validation_warnings":[{"rule_id":"RULE-NUM-005","severity":"WARNING","field":"technical.polycount_actual","message":"polycount_actual is at or below 50% of polycount_max — asset may be under-detailed for its declared budget","expected":"> 5000 (50% of polycount_max 10000)","actual":"1"}],"validation_manual_review_flags":[],"review_items_created":0,"open_review_items":[]} 7ada5562-9615-433a-8f06-d89d1747e42c
[PIPELINE] stage 7 — checking onboardingResult.success 7ada5562-9615-433a-8f06-d89d1747e42c
[PIPELINE] stage 7 — success branch entered, success: true 7ada5562-9615-433a-8f06-d89d1747e42c
[PIPELINE] stage 7 — assigning onboardingValidationRunId 7ada5562-9615-433a-8f06-d89d1747e42c
[PIPELINE] stage 7 — onboardingValidationRunId assigned: 11f3b2f6-3b6f-47e2-a487-608a96f14cee 7ada5562-9615-433a-8f06-d89d1747e42c
[PIPELINE] stage 7 — calling logEvent passed 7ada5562-9615-433a-8f06-d89d1747e42c
[PIPELINE] stage 7 done — callOnboardingSubmit accepted, validationRunId: 11f3b2f6-3b6f-47e2-a487-608a96f14cee 7ada5562-9615-433a-8f06-d89d1747e42c
[PIPELINE] stage 8 start — uploadFileBytes GLB production 7ada5562-9615-433a-8f06-d89d1747e42c hat_gen_7ada5562.glb
[PIPELINE] stage 8 done — uploadFileBytes GLB production 7ada5562-9615-433a-8f06-d89d1747e42c
[PIPELINE] stage 8 start — uploadFileBytes thumbnail production 7ada5562-9615-433a-8f06-d89d1747e42c hat_gen_7ada5562.png
[PIPELINE] stage 8 done — uploadFileBytes thumbnail production 7ada5562-9615-433a-8f06-d89d1747e42c
[PIPELINE] stage 8 start — completeGenerationJob 7ada5562-9615-433a-8f06-d89d1747e42c hat_gen_7ada5562 validationRunId: 11f3b2f6-3b6f-47e2-a487-608a96f14cee
[DB] completion affected rows: 1
[PIPELINE] stage 8 done — completeGenerationJob 7ada5562-9615-433a-8f06-d89d1747e42c
[worker] pending job found: 5d572b98-cd44-44b6-95cf-3ea4ec59e0f0
[worker] claimGenerationJob result: claimed
[worker] calling runGenerationPipeline 5d572b98-cd44-44b6-95cf-3ea4ec59e0f0
[PIPELINE] start 5d572b98-cd44-44b6-95cf-3ea4ec59e0f0
[PIPELINE] stage 1 done — job claimed by worker 5d572b98-cd44-44b6-95cf-3ea4ec59e0f0
[PIPELINE] calling runStages 5d572b98-cd44-44b6-95cf-3ea4ec59e0f0
[PIPELINE] runStages start 5d572b98-cd44-44b6-95cf-3ea4ec59e0f0 targetAssetId: hat_gen_5d572b98
[PIPELINE] stage 2 start — calling avatar_assets ownership query 5d572b98-cd44-44b6-95cf-3ea4ec59e0f0
[PIPELINE] stage 2 done 5d572b98-cd44-44b6-95cf-3ea4ec59e0f0
[PIPELINE] stage 3 — generating GLB + PNG bytes 5d572b98-cd44-44b6-95cf-3ea4ec59e0f0
[PIPELINE] stage 3 — bytes generated, GLB: 48 thumb: 67
[PIPELINE] stage 3 — calling uploadFileBytes GLB staging 5d572b98-cd44-44b6-95cf-3ea4ec59e0f0 5d572b98-cd44-44b6-95cf-3ea4ec59e0f0/generated.glb
[PIPELINE] stage 3 — calling uploadFileBytes thumbnail staging 5d572b98-cd44-44b6-95cf-3ea4ec59e0f0 5d572b98-cd44-44b6-95cf-3ea4ec59e0f0/thumbnail.png
[PIPELINE] stage 3 — calling setGeneratedFiles 5d572b98-cd44-44b6-95cf-3ea4ec59e0f0
[DB] setGeneratedFiles calling RPC 5d572b98-cd44-44b6-95cf-3ea4ec59e0f0 { previousVersion: 0, claimedAt: "2026-05-08T14:57:53.253888+00:00" }
[PIPELINE] stage 3 done 5d572b98-cd44-44b6-95cf-3ea4ec59e0f0
[PIPELINE] stage 4 start — calling checkCopyright 5d572b98-cd44-44b6-95cf-3ea4ec59e0f0
[PIPELINE] stage 4 — calling setCopyrightReview, verdict: clear 5d572b98-cd44-44b6-95cf-3ea4ec59e0f0
[DB] query created 5d572b98-cd44-44b6-95cf-3ea4ec59e0f0
[DB] query resolved 5d572b98-cd44-44b6-95cf-3ea4ec59e0f0
[DB] parsed result 5d572b98-cd44-44b6-95cf-3ea4ec59e0f0 HAS DATA NO ERROR
[PIPELINE] stage 4 — setCopyrightReview returned, updatedJob: set 5d572b98-cd44-44b6-95cf-3ea4ec59e0f0
[PIPELINE] stage 4 done — setCopyrightReview CAS passed, result: clear 5d572b98-cd44-44b6-95cf-3ea4ec59e0f0
[PIPELINE] stage 5 done — copyright gate passed, proceeding to stages 6-8 5d572b98-cd44-44b6-95cf-3ea4ec59e0f0
[PIPELINE] stage 5 — SKIP_ONBOARDING: false 5d572b98-cd44-44b6-95cf-3ea4ec59e0f0
[PIPELINE] stage 6 start — production re-check 5d572b98-cd44-44b6-95cf-3ea4ec59e0f0
[PIPELINE] stage 6 start — supabase.from(avatar_assets).select(production_enabled) 5d572b98-cd44-44b6-95cf-3ea4ec59e0f0 hat_gen_5d572b98
[PIPELINE] stage 6 — production recheck returned, recheckError: none recheckAsset: null 5d572b98-cd44-44b6-95cf-3ea4ec59e0f0
[PIPELINE] stage 6 done — production recheck passed 5d572b98-cd44-44b6-95cf-3ea4ec59e0f0
[PIPELINE] stage 7 start — buildOnboardingMetadata 5d572b98-cd44-44b6-95cf-3ea4ec59e0f0
[PIPELINE] stage 7 — buildOnboardingMetadata done, glbStagingStoragePath: 5d572b98-cd44-44b6-95cf-3ea4ec59e0f0/generated.glb 5d572b98-cd44-44b6-95cf-3ea4ec59e0f0
[PIPELINE] stage 7 — calling onboardingSubmit 5d572b98-cd44-44b6-95cf-3ea4ec59e0f0 triggeredBy: generation-pipeline:5d572b98-cd44-44b6-95cf-3ea4ec59e0f0 glbStagingStoragePath: 5d572b98-cd44-44b6-95cf-3ea4ec59e0f0/generated.glb onboardingMetadata: {"schema_version":"1.0","identity":{"asset_id":"hat_gen_5d572b98","slot":"hat","display_name":"a soft wool beanie in a solid color","version":"1.0","status":"draft","created_by":"generation-pipeline:5d572b98-cd44-44b6-95cf-3ea4ec59e0f0","created_at":"2026-05-08","approved_by":null,"approved_at":null},"classification":{"rarity":"standard","school_safe":false,"moderation_required":true,"whitelist_approved":false},"visual":{"primary_color":null,"secondary_color":null,"accent_color":null,"silhouette_type":"hat","thumbnail_priority":5},"technical":{"polycount_max":10000,"polycount_actual":1,"texture_resolution":"256x256","texture_format":"png","texture_embedded":false,"export_format":"glb","file_size_kb_max":1024,"file_size_kb_actual":1,"attachment_type":"parented","attachment_bone":"attach_head","rig_required":false},"validation":{"copyright_review_passed":false,"school_safe_review_passed":false,"thumbnail_readability_passed":false,"clipping_test_passed":false,"browser_validation_passed":false,"qa_approved":false},"forbidden_reference_check":{"fortnite":false,"roblox":false,"minecraft":false,"nike":false,"adidas":false,"jordan":false,"marvel":false,"disney":false,"star_wars":false,"political_symbols":false,"nazi_symbols":false},"deployment":{"production_enabled":false,"release_group":"v1","rollout_stage":"none"},"audit":{"last_modified_by":"generation-pipeline:5d572b98-cd44-44b6-95cf-3ea4ec59e0f0","last_modified_at":"2026-05-08","review_notes":null}}
[PIPELINE] stage 7 — onboardingSubmit returned 5d572b98-cd44-44b6-95cf-3ea4ec59e0f0
[PIPELINE] stage 7 — onboardingResult raw: {"success":true,"action":"submit","asset_id":"hat_gen_5d572b98","message":"Asset onboarded successfully — 1 warning(s) recorded","asset":{"asset_id":"hat_gen_5d572b98","slot":"hat","display_name":"a soft wool beanie in a solid color","current_status":"draft","production_enabled":false,"storage_path":"5d572b98-cd44-44b6-95cf-3ea4ec59e0f0/generated.glb","metadata":{"audit":{"review_notes":null,"last_modified_at":"2026-05-08","last_modified_by":"generation-pipeline:5d572b98-cd44-44b6-95cf-3ea4ec59e0f0"},"visual":{"accent_color":null,"primary_color":null,"secondary_color":null,"silhouette_type":"hat","thumbnail_priority":5},"identity":{"slot":"hat","status":"draft","version":"1.0","asset_id":"hat_gen_5d572b98","created_at":"2026-05-08","created_by":"generation-pipeline:5d572b98-cd44-44b6-95cf-3ea4ec59e0f0","approved_at":null,"approved_by":null,"display_name":"a soft wool beanie in a solid color"},"technical":{"rig_required":false,"export_format":"glb","polycount_max":10000,"texture_format":"png","attachment_bone":"attach_head","attachment_type":"parented","file_size_kb_max":1024,"polycount_actual":1,"texture_embedded":false,"texture_resolution":"256x256","file_size_kb_actual":1},"deployment":{"release_group":"v1","rollout_stage":"none","production_enabled":false},"validation":{"qa_approved":false,"clipping_test_passed":false,"copyright_review_passed":false,"browser_validation_passed":false,"school_safe_review_passed":false,"thumbnail_readability_passed":false},"classification":{"rarity":"standard","school_safe":false,"whitelist_approved":false,"moderation_required":true},"schema_version":"1.0","forbidden_reference_check":{"nike":false,"adidas":false,"disney":false,"jordan":false,"marvel":false,"roblox":false,"fortnite":false,"minecraft":false,"star_wars":false,"nazi_symbols":false,"political_symbols":false}},"created_by":"generation-pipeline:5d572b98-cd44-44b6-95cf-3ea4ec59e0f0","created_at":"2026-05-08T14:57:55.098+00:00","last_modified_by":"generation-pipeline:5d572b98-cd44-44b6-95cf-3ea4ec59e0f0","last_modified_at":"2026-05-08T14:57:55.098+00:00"},"validation_run":{"id":"4d50f57f-0d37-46c3-84fe-287cb6419425","asset_id":"hat_gen_5d572b98","run_at":"2026-05-08T14:57:55.238459+00:00","triggered_by":"generation-pipeline:5d572b98-cd44-44b6-95cf-3ea4ec59e0f0","payload":{"audit":{"review_notes":null,"last_modified_at":"2026-05-08","last_modified_by":"generation-pipeline:5d572b98-cd44-44b6-95cf-3ea4ec59e0f0"},"visual":{"accent_color":null,"primary_color":null,"secondary_color":null,"silhouette_type":"hat","thumbnail_priority":5},"identity":{"slot":"hat","status":"draft","version":"1.0","asset_id":"hat_gen_5d572b98","created_at":"2026-05-08","created_by":"generation-pipeline:5d572b98-cd44-44b6-95cf-3ea4ec59e0f0","approved_at":null,"approved_by":null,"display_name":"a soft wool beanie in a solid color"},"technical":{"rig_required":false,"export_format":"glb","polycount_max":10000,"texture_format":"png","attachment_bone":"attach_head","attachment_type":"parented","file_size_kb_max":1024,"polycount_actual":1,"texture_embedded":false,"texture_resolution":"256x256","file_size_kb_actual":1},"deployment":{"release_group":"v1","rollout_stage":"none","production_enabled":false},"validation":{"qa_approved":false,"clipping_test_passed":false,"copyright_review_passed":false,"browser_validation_passed":false,"school_safe_review_passed":false,"thumbnail_readability_passed":false},"classification":{"rarity":"standard","school_safe":false,"whitelist_approved":false,"moderation_required":true},"schema_version":"1.0","forbidden_reference_check":{"nike":false,"adidas":false,"disney":false,"jordan":false,"marvel":false,"roblox":false,"fortnite":false,"minecraft":false,"star_wars":false,"nazi_symbols":false,"political_symbols":false}},"response":{"valid":true,"errors":[],"asset_id":"hat_gen_5d572b98","warnings":[{"field":"technical.polycount_actual","actual":"1","message":"polycount_actual is at or below 50% of polycount_max — asset may be under-detailed for its declared budget","rule_id":"RULE-NUM-005","expected":"> 5000 (50% of polycount_max 10000)","severity":"WARNING"}],"manual_review_flags":[]},"valid":true,"error_count":0,"warning_count":1,"manual_review_count":0},"validation_errors":[],"validation_warnings":[{"rule_id":"RULE-NUM-005","severity":"WARNING","field":"technical.polycount_actual","message":"polycount_actual is at or below 50% of polycount_max — asset may be under-detailed for its declared budget","expected":"> 5000 (50% of polycount_max 10000)","actual":"1"}],"validation_manual_review_flags":[],"review_items_created":0,"open_review_items":[]} 5d572b98-cd44-44b6-95cf-3ea4ec59e0f0
[PIPELINE] stage 7 — checking onboardingResult.success 5d572b98-cd44-44b6-95cf-3ea4ec59e0f0
[PIPELINE] stage 7 — success branch entered, success: true 5d572b98-cd44-44b6-95cf-3ea4ec59e0f0
[PIPELINE] stage 7 — assigning onboardingValidationRunId 5d572b98-cd44-44b6-95cf-3ea4ec59e0f0
[PIPELINE] stage 7 — onboardingValidationRunId assigned: 4d50f57f-0d37-46c3-84fe-287cb6419425 5d572b98-cd44-44b6-95cf-3ea4ec59e0f0
[PIPELINE] stage 7 — calling logEvent passed 5d572b98-cd44-44b6-95cf-3ea4ec59e0f0
[PIPELINE] stage 7 done — callOnboardingSubmit accepted, validationRunId: 4d50f57f-0d37-46c3-84fe-287cb6419425 5d572b98-cd44-44b6-95cf-3ea4ec59e0f0
[PIPELINE] stage 8 start — uploadFileBytes GLB production 5d572b98-cd44-44b6-95cf-3ea4ec59e0f0 hat_gen_5d572b98.glb
[PIPELINE] stage 8 done — uploadFileBytes GLB production 5d572b98-cd44-44b6-95cf-3ea4ec59e0f0
[PIPELINE] stage 8 start — uploadFileBytes thumbnail production 5d572b98-cd44-44b6-95cf-3ea4ec59e0f0 hat_gen_5d572b98.png
[PIPELINE] stage 8 done — uploadFileBytes thumbnail production 5d572b98-cd44-44b6-95cf-3ea4ec59e0f0
[PIPELINE] stage 8 start — completeGenerationJob 5d572b98-cd44-44b6-95cf-3ea4ec59e0f0 hat_gen_5d572b98 validationRunId: 4d50f57f-0d37-46c3-84fe-287cb6419425
[DB] completion affected rows: 1
[PIPELINE] stage 8 done — completeGenerationJob 5d572b98-cd44-44b6-95cf-3ea4ec59e0f0
[worker] pending job found: f92a1165-156a-4eb0-9385-6dbad8c288f9
[worker] claimGenerationJob result: claimed
[worker] calling runGenerationPipeline f92a1165-156a-4eb0-9385-6dbad8c288f9
[PIPELINE] start f92a1165-156a-4eb0-9385-6dbad8c288f9
[PIPELINE] stage 1 done — job claimed by worker f92a1165-156a-4eb0-9385-6dbad8c288f9
[PIPELINE] calling runStages f92a1165-156a-4eb0-9385-6dbad8c288f9
[PIPELINE] runStages start f92a1165-156a-4eb0-9385-6dbad8c288f9 targetAssetId: hat_gen_f92a1165
[PIPELINE] stage 2 start — calling avatar_assets ownership query f92a1165-156a-4eb0-9385-6dbad8c288f9
[PIPELINE] stage 2 done f92a1165-156a-4eb0-9385-6dbad8c288f9
[PIPELINE] stage 3 — generating GLB + PNG bytes f92a1165-156a-4eb0-9385-6dbad8c288f9
[PIPELINE] stage 3 — bytes generated, GLB: 48 thumb: 67
[PIPELINE] stage 3 — calling uploadFileBytes GLB staging f92a1165-156a-4eb0-9385-6dbad8c288f9 f92a1165-156a-4eb0-9385-6dbad8c288f9/generated.glb
[PIPELINE] stage 3 — calling uploadFileBytes thumbnail staging f92a1165-156a-4eb0-9385-6dbad8c288f9 f92a1165-156a-4eb0-9385-6dbad8c288f9/thumbnail.png
[PIPELINE] stage 3 — calling setGeneratedFiles f92a1165-156a-4eb0-9385-6dbad8c288f9
[DB] setGeneratedFiles calling RPC f92a1165-156a-4eb0-9385-6dbad8c288f9 { previousVersion: 0, claimedAt: "2026-05-08T14:57:56.450361+00:00" }
[PIPELINE] stage 3 done f92a1165-156a-4eb0-9385-6dbad8c288f9
[PIPELINE] stage 4 start — calling checkCopyright f92a1165-156a-4eb0-9385-6dbad8c288f9
[PIPELINE] stage 4 — calling setCopyrightReview, verdict: clear f92a1165-156a-4eb0-9385-6dbad8c288f9
[DB] query created f92a1165-156a-4eb0-9385-6dbad8c288f9
[DB] query resolved f92a1165-156a-4eb0-9385-6dbad8c288f9
[DB] parsed result f92a1165-156a-4eb0-9385-6dbad8c288f9 HAS DATA NO ERROR
[PIPELINE] stage 4 — setCopyrightReview returned, updatedJob: set f92a1165-156a-4eb0-9385-6dbad8c288f9
[PIPELINE] stage 4 done — setCopyrightReview CAS passed, result: clear f92a1165-156a-4eb0-9385-6dbad8c288f9
[PIPELINE] stage 5 done — copyright gate passed, proceeding to stages 6-8 f92a1165-156a-4eb0-9385-6dbad8c288f9
[PIPELINE] stage 5 — SKIP_ONBOARDING: false f92a1165-156a-4eb0-9385-6dbad8c288f9
[PIPELINE] stage 6 start — production re-check f92a1165-156a-4eb0-9385-6dbad8c288f9
[PIPELINE] stage 6 start — supabase.from(avatar_assets).select(production_enabled) f92a1165-156a-4eb0-9385-6dbad8c288f9 hat_gen_f92a1165
[PIPELINE] stage 6 — production recheck returned, recheckError: none recheckAsset: null f92a1165-156a-4eb0-9385-6dbad8c288f9
[PIPELINE] stage 6 done — production recheck passed f92a1165-156a-4eb0-9385-6dbad8c288f9
[PIPELINE] stage 7 start — buildOnboardingMetadata f92a1165-156a-4eb0-9385-6dbad8c288f9
[PIPELINE] stage 7 — buildOnboardingMetadata done, glbStagingStoragePath: f92a1165-156a-4eb0-9385-6dbad8c288f9/generated.glb f92a1165-156a-4eb0-9385-6dbad8c288f9
[PIPELINE] stage 7 — calling onboardingSubmit f92a1165-156a-4eb0-9385-6dbad8c288f9 triggeredBy: generation-pipeline:f92a1165-156a-4eb0-9385-6dbad8c288f9 glbStagingStoragePath: f92a1165-156a-4eb0-9385-6dbad8c288f9/generated.glb onboardingMetadata: {"schema_version":"1.0","identity":{"asset_id":"hat_gen_f92a1165","slot":"hat","display_name":"a cowboy hat with a wide flat brim","version":"1.0","status":"draft","created_by":"generation-pipeline:f92a1165-156a-4eb0-9385-6dbad8c288f9","created_at":"2026-05-08","approved_by":null,"approved_at":null},"classification":{"rarity":"standard","school_safe":false,"moderation_required":true,"whitelist_approved":false},"visual":{"primary_color":null,"secondary_color":null,"accent_color":null,"silhouette_type":"hat","thumbnail_priority":5},"technical":{"polycount_max":10000,"polycount_actual":1,"texture_resolution":"256x256","texture_format":"png","texture_embedded":false,"export_format":"glb","file_size_kb_max":1024,"file_size_kb_actual":1,"attachment_type":"parented","attachment_bone":"attach_head","rig_required":false},"validation":{"copyright_review_passed":false,"school_safe_review_passed":false,"thumbnail_readability_passed":false,"clipping_test_passed":false,"browser_validation_passed":false,"qa_approved":false},"forbidden_reference_check":{"fortnite":false,"roblox":false,"minecraft":false,"nike":false,"adidas":false,"jordan":false,"marvel":false,"disney":false,"star_wars":false,"political_symbols":false,"nazi_symbols":false},"deployment":{"production_enabled":false,"release_group":"v1","rollout_stage":"none"},"audit":{"last_modified_by":"generation-pipeline:f92a1165-156a-4eb0-9385-6dbad8c288f9","last_modified_at":"2026-05-08","review_notes":null}}
[PIPELINE] stage 7 — onboardingSubmit returned f92a1165-156a-4eb0-9385-6dbad8c288f9
[PIPELINE] stage 7 — onboardingResult raw: {"success":true,"action":"submit","asset_id":"hat_gen_f92a1165","message":"Asset onboarded successfully — 1 warning(s) recorded","asset":{"asset_id":"hat_gen_f92a1165","slot":"hat","display_name":"a cowboy hat with a wide flat brim","current_status":"draft","production_enabled":false,"storage_path":"f92a1165-156a-4eb0-9385-6dbad8c288f9/generated.glb","metadata":{"audit":{"review_notes":null,"last_modified_at":"2026-05-08","last_modified_by":"generation-pipeline:f92a1165-156a-4eb0-9385-6dbad8c288f9"},"visual":{"accent_color":null,"primary_color":null,"secondary_color":null,"silhouette_type":"hat","thumbnail_priority":5},"identity":{"slot":"hat","status":"draft","version":"1.0","asset_id":"hat_gen_f92a1165","created_at":"2026-05-08","created_by":"generation-pipeline:f92a1165-156a-4eb0-9385-6dbad8c288f9","approved_at":null,"approved_by":null,"display_name":"a cowboy hat with a wide flat brim"},"technical":{"rig_required":false,"export_format":"glb","polycount_max":10000,"texture_format":"png","attachment_bone":"attach_head","attachment_type":"parented","file_size_kb_max":1024,"polycount_actual":1,"texture_embedded":false,"texture_resolution":"256x256","file_size_kb_actual":1},"deployment":{"release_group":"v1","rollout_stage":"none","production_enabled":false},"validation":{"qa_approved":false,"clipping_test_passed":false,"copyright_review_passed":false,"browser_validation_passed":false,"school_safe_review_passed":false,"thumbnail_readability_passed":false},"classification":{"rarity":"standard","school_safe":false,"whitelist_approved":false,"moderation_required":true},"schema_version":"1.0","forbidden_reference_check":{"nike":false,"adidas":false,"disney":false,"jordan":false,"marvel":false,"roblox":false,"fortnite":false,"minecraft":false,"star_wars":false,"nazi_symbols":false,"political_symbols":false}},"created_by":"generation-pipeline:f92a1165-156a-4eb0-9385-6dbad8c288f9","created_at":"2026-05-08T14:57:59.259+00:00","last_modified_by":"generation-pipeline:f92a1165-156a-4eb0-9385-6dbad8c288f9","last_modified_at":"2026-05-08T14:57:59.259+00:00"},"validation_run":{"id":"053778de-714b-4fc5-8a90-70af527de513","asset_id":"hat_gen_f92a1165","run_at":"2026-05-08T14:57:59.36923+00:00","triggered_by":"generation-pipeline:f92a1165-156a-4eb0-9385-6dbad8c288f9","payload":{"audit":{"review_notes":null,"last_modified_at":"2026-05-08","last_modified_by":"generation-pipeline:f92a1165-156a-4eb0-9385-6dbad8c288f9"},"visual":{"accent_color":null,"primary_color":null,"secondary_color":null,"silhouette_type":"hat","thumbnail_priority":5},"identity":{"slot":"hat","status":"draft","version":"1.0","asset_id":"hat_gen_f92a1165","created_at":"2026-05-08","created_by":"generation-pipeline:f92a1165-156a-4eb0-9385-6dbad8c288f9","approved_at":null,"approved_by":null,"display_name":"a cowboy hat with a wide flat brim"},"technical":{"rig_required":false,"export_format":"glb","polycount_max":10000,"texture_format":"png","attachment_bone":"attach_head","attachment_type":"parented","file_size_kb_max":1024,"polycount_actual":1,"texture_embedded":false,"texture_resolution":"256x256","file_size_kb_actual":1},"deployment":{"release_group":"v1","rollout_stage":"none","production_enabled":false},"validation":{"qa_approved":false,"clipping_test_passed":false,"copyright_review_passed":false,"browser_validation_passed":false,"school_safe_review_passed":false,"thumbnail_readability_passed":false},"classification":{"rarity":"standard","school_safe":false,"whitelist_approved":false,"moderation_required":true},"schema_version":"1.0","forbidden_reference_check":{"nike":false,"adidas":false,"disney":false,"jordan":false,"marvel":false,"roblox":false,"fortnite":false,"minecraft":false,"star_wars":false,"nazi_symbols":false,"political_symbols":false}},"response":{"valid":true,"errors":[],"asset_id":"hat_gen_f92a1165","warnings":[{"field":"technical.polycount_actual","actual":"1","message":"polycount_actual is at or below 50% of polycount_max — asset may be under-detailed for its declared budget","rule_id":"RULE-NUM-005","expected":"> 5000 (50% of polycount_max 10000)","severity":"WARNING"}],"manual_review_flags":[]},"valid":true,"error_count":0,"warning_count":1,"manual_review_count":0},"validation_errors":[],"validation_warnings":[{"rule_id":"RULE-NUM-005","severity":"WARNING","field":"technical.polycount_actual","message":"polycount_actual is at or below 50% of polycount_max — asset may be under-detailed for its declared budget","expected":"> 5000 (50% of polycount_max 10000)","actual":"1"}],"validation_manual_review_flags":[],"review_items_created":0,"open_review_items":[]} f92a1165-156a-4eb0-9385-6dbad8c288f9
[PIPELINE] stage 7 — checking onboardingResult.success f92a1165-156a-4eb0-9385-6dbad8c288f9
[PIPELINE] stage 7 — success branch entered, success: true f92a1165-156a-4eb0-9385-6dbad8c288f9
[PIPELINE] stage 7 — assigning onboardingValidationRunId f92a1165-156a-4eb0-9385-6dbad8c288f9
[PIPELINE] stage 7 — onboardingValidationRunId assigned: 053778de-714b-4fc5-8a90-70af527de513 f92a1165-156a-4eb0-9385-6dbad8c288f9
[PIPELINE] stage 7 — calling logEvent passed f92a1165-156a-4eb0-9385-6dbad8c288f9
[PIPELINE] stage 7 done — callOnboardingSubmit accepted, validationRunId: 053778de-714b-4fc5-8a90-70af527de513 f92a1165-156a-4eb0-9385-6dbad8c288f9
[PIPELINE] stage 8 start — uploadFileBytes GLB production f92a1165-156a-4eb0-9385-6dbad8c288f9 hat_gen_f92a1165.glb
[PIPELINE] stage 8 done — uploadFileBytes GLB production f92a1165-156a-4eb0-9385-6dbad8c288f9
[PIPELINE] stage 8 start — uploadFileBytes thumbnail production f92a1165-156a-4eb0-9385-6dbad8c288f9 hat_gen_f92a1165.png
[PIPELINE] stage 8 done — uploadFileBytes thumbnail production f92a1165-156a-4eb0-9385-6dbad8c288f9
[PIPELINE] stage 8 start — completeGenerationJob f92a1165-156a-4eb0-9385-6dbad8c288f9 hat_gen_f92a1165 validationRunId: 053778de-714b-4fc5-8a90-70af527de513
[DB] completion affected rows: 1
[PIPELINE] stage 8 done — completeGenerationJob f92a1165-156a-4eb0-9385-6dbad8c288f9
[worker] pending job found: c1d77282-23dd-4c46-a52e-4b7b037c7fc5
[worker] claimGenerationJob result: claimed
[worker] calling runGenerationPipeline c1d77282-23dd-4c46-a52e-4b7b037c7fc5
[PIPELINE] start c1d77282-23dd-4c46-a52e-4b7b037c7fc5
[PIPELINE] stage 1 done — job claimed by worker c1d77282-23dd-4c46-a52e-4b7b037c7fc5
[PIPELINE] calling runStages c1d77282-23dd-4c46-a52e-4b7b037c7fc5
[PIPELINE] runStages start c1d77282-23dd-4c46-a52e-4b7b037c7fc5 targetAssetId: hat_gen_c1d77282
[PIPELINE] stage 2 start — calling avatar_assets ownership query c1d77282-23dd-4c46-a52e-4b7b037c7fc5
[PIPELINE] stage 2 done c1d77282-23dd-4c46-a52e-4b7b037c7fc5
[PIPELINE] stage 3 — generating GLB + PNG bytes c1d77282-23dd-4c46-a52e-4b7b037c7fc5
[PIPELINE] stage 3 — bytes generated, GLB: 48 thumb: 67
[PIPELINE] stage 3 — calling uploadFileBytes GLB staging c1d77282-23dd-4c46-a52e-4b7b037c7fc5 c1d77282-23dd-4c46-a52e-4b7b037c7fc5/generated.glb
[PIPELINE] stage 3 — calling uploadFileBytes thumbnail staging c1d77282-23dd-4c46-a52e-4b7b037c7fc5 c1d77282-23dd-4c46-a52e-4b7b037c7fc5/thumbnail.png
[PIPELINE] stage 3 — calling setGeneratedFiles c1d77282-23dd-4c46-a52e-4b7b037c7fc5
[DB] setGeneratedFiles calling RPC c1d77282-23dd-4c46-a52e-4b7b037c7fc5 { previousVersion: 0, claimedAt: "2026-05-08T14:58:00.403951+00:00" }
[PIPELINE] stage 3 done c1d77282-23dd-4c46-a52e-4b7b037c7fc5
[PIPELINE] stage 4 start — calling checkCopyright c1d77282-23dd-4c46-a52e-4b7b037c7fc5
[PIPELINE] stage 4 — calling setCopyrightReview, verdict: clear c1d77282-23dd-4c46-a52e-4b7b037c7fc5
[DB] query created c1d77282-23dd-4c46-a52e-4b7b037c7fc5
[DB] query resolved c1d77282-23dd-4c46-a52e-4b7b037c7fc5
[DB] parsed result c1d77282-23dd-4c46-a52e-4b7b037c7fc5 HAS DATA NO ERROR
[PIPELINE] stage 4 — setCopyrightReview returned, updatedJob: set c1d77282-23dd-4c46-a52e-4b7b037c7fc5
[PIPELINE] stage 4 done — setCopyrightReview CAS passed, result: clear c1d77282-23dd-4c46-a52e-4b7b037c7fc5
[PIPELINE] stage 5 done — copyright gate passed, proceeding to stages 6-8 c1d77282-23dd-4c46-a52e-4b7b037c7fc5
[PIPELINE] stage 5 — SKIP_ONBOARDING: false c1d77282-23dd-4c46-a52e-4b7b037c7fc5
[PIPELINE] stage 6 start — production re-check c1d77282-23dd-4c46-a52e-4b7b037c7fc5
[PIPELINE] stage 6 start — supabase.from(avatar_assets).select(production_enabled) c1d77282-23dd-4c46-a52e-4b7b037c7fc5 hat_gen_c1d77282
[PIPELINE] stage 6 — production recheck returned, recheckError: none recheckAsset: null c1d77282-23dd-4c46-a52e-4b7b037c7fc5
[PIPELINE] stage 6 done — production recheck passed c1d77282-23dd-4c46-a52e-4b7b037c7fc5
[PIPELINE] stage 7 start — buildOnboardingMetadata c1d77282-23dd-4c46-a52e-4b7b037c7fc5
[PIPELINE] stage 7 — buildOnboardingMetadata done, glbStagingStoragePath: c1d77282-23dd-4c46-a52e-4b7b037c7fc5/generated.glb c1d77282-23dd-4c46-a52e-4b7b037c7fc5
[PIPELINE] stage 7 — calling onboardingSubmit c1d77282-23dd-4c46-a52e-4b7b037c7fc5 triggeredBy: generation-pipeline:c1d77282-23dd-4c46-a52e-4b7b037c7fc5 glbStagingStoragePath: c1d77282-23dd-4c46-a52e-4b7b037c7fc5/generated.glb onboardingMetadata: {"schema_version":"1.0","identity":{"asset_id":"hat_gen_c1d77282","slot":"hat","display_name":"a detective fedora with a narrow brim","version":"1.0","status":"draft","created_by":"generation-pipeline:c1d77282-23dd-4c46-a52e-4b7b037c7fc5","created_at":"2026-05-08","approved_by":null,"approved_at":null},"classification":{"rarity":"standard","school_safe":false,"moderation_required":true,"whitelist_approved":false},"visual":{"primary_color":null,"secondary_color":null,"accent_color":null,"silhouette_type":"hat","thumbnail_priority":5},"technical":{"polycount_max":10000,"polycount_actual":1,"texture_resolution":"256x256","texture_format":"png","texture_embedded":false,"export_format":"glb","file_size_kb_max":1024,"file_size_kb_actual":1,"attachment_type":"parented","attachment_bone":"attach_head","rig_required":false},"validation":{"copyright_review_passed":false,"school_safe_review_passed":false,"thumbnail_readability_passed":false,"clipping_test_passed":false,"browser_validation_passed":false,"qa_approved":false},"forbidden_reference_check":{"fortnite":false,"roblox":false,"minecraft":false,"nike":false,"adidas":false,"jordan":false,"marvel":false,"disney":false,"star_wars":false,"political_symbols":false,"nazi_symbols":false},"deployment":{"production_enabled":false,"release_group":"v1","rollout_stage":"none"},"audit":{"last_modified_by":"generation-pipeline:c1d77282-23dd-4c46-a52e-4b7b037c7fc5","last_modified_at":"2026-05-08","review_notes":null}}
[PIPELINE] stage 7 — onboardingSubmit returned c1d77282-23dd-4c46-a52e-4b7b037c7fc5
[PIPELINE] stage 7 — onboardingResult raw: {"success":true,"action":"submit","asset_id":"hat_gen_c1d77282","message":"Asset onboarded successfully — 1 warning(s) recorded","asset":{"asset_id":"hat_gen_c1d77282","slot":"hat","display_name":"a detective fedora with a narrow brim","current_status":"draft","production_enabled":false,"storage_path":"c1d77282-23dd-4c46-a52e-4b7b037c7fc5/generated.glb","metadata":{"audit":{"review_notes":null,"last_modified_at":"2026-05-08","last_modified_by":"generation-pipeline:c1d77282-23dd-4c46-a52e-4b7b037c7fc5"},"visual":{"accent_color":null,"primary_color":null,"secondary_color":null,"silhouette_type":"hat","thumbnail_priority":5},"identity":{"slot":"hat","status":"draft","version":"1.0","asset_id":"hat_gen_c1d77282","created_at":"2026-05-08","created_by":"generation-pipeline:c1d77282-23dd-4c46-a52e-4b7b037c7fc5","approved_at":null,"approved_by":null,"display_name":"a detective fedora with a narrow brim"},"technical":{"rig_required":false,"export_format":"glb","polycount_max":10000,"texture_format":"png","attachment_bone":"attach_head","attachment_type":"parented","file_size_kb_max":1024,"polycount_actual":1,"texture_embedded":false,"texture_resolution":"256x256","file_size_kb_actual":1},"deployment":{"release_group":"v1","rollout_stage":"none","production_enabled":false},"validation":{"qa_approved":false,"clipping_test_passed":false,"copyright_review_passed":false,"browser_validation_passed":false,"school_safe_review_passed":false,"thumbnail_readability_passed":false},"classification":{"rarity":"standard","school_safe":false,"whitelist_approved":false,"moderation_required":true},"schema_version":"1.0","forbidden_reference_check":{"nike":false,"adidas":false,"disney":false,"jordan":false,"marvel":false,"roblox":false,"fortnite":false,"minecraft":false,"star_wars":false,"nazi_symbols":false,"political_symbols":false}},"created_by":"generation-pipeline:c1d77282-23dd-4c46-a52e-4b7b037c7fc5","created_at":"2026-05-08T14:58:02.487+00:00","last_modified_by":"generation-pipeline:c1d77282-23dd-4c46-a52e-4b7b037c7fc5","last_modified_at":"2026-05-08T14:58:02.487+00:00"},"validation_run":{"id":"1ca7ed62-2397-43cc-9eee-c422070170b7","asset_id":"hat_gen_c1d77282","run_at":"2026-05-08T14:58:02.60822+00:00","triggered_by":"generation-pipeline:c1d77282-23dd-4c46-a52e-4b7b037c7fc5","payload":{"audit":{"review_notes":null,"last_modified_at":"2026-05-08","last_modified_by":"generation-pipeline:c1d77282-23dd-4c46-a52e-4b7b037c7fc5"},"visual":{"accent_color":null,"primary_color":null,"secondary_color":null,"silhouette_type":"hat","thumbnail_priority":5},"identity":{"slot":"hat","status":"draft","version":"1.0","asset_id":"hat_gen_c1d77282","created_at":"2026-05-08","created_by":"generation-pipeline:c1d77282-23dd-4c46-a52e-4b7b037c7fc5","approved_at":null,"approved_by":null,"display_name":"a detective fedora with a narrow brim"},"technical":{"rig_required":false,"export_format":"glb","polycount_max":10000,"texture_format":"png","attachment_bone":"attach_head","attachment_type":"parented","file_size_kb_max":1024,"polycount_actual":1,"texture_embedded":false,"texture_resolution":"256x256","file_size_kb_actual":1},"deployment":{"release_group":"v1","rollout_stage":"none","production_enabled":false},"validation":{"qa_approved":false,"clipping_test_passed":false,"copyright_review_passed":false,"browser_validation_passed":false,"school_safe_review_passed":false,"thumbnail_readability_passed":false},"classification":{"rarity":"standard","school_safe":false,"whitelist_approved":false,"moderation_required":true},"schema_version":"1.0","forbidden_reference_check":{"nike":false,"adidas":false,"disney":false,"jordan":false,"marvel":false,"roblox":false,"fortnite":false,"minecraft":false,"star_wars":false,"nazi_symbols":false,"political_symbols":false}},"response":{"valid":true,"errors":[],"asset_id":"hat_gen_c1d77282","warnings":[{"field":"technical.polycount_actual","actual":"1","message":"polycount_actual is at or below 50% of polycount_max — asset may be under-detailed for its declared budget","rule_id":"RULE-NUM-005","expected":"> 5000 (50% of polycount_max 10000)","severity":"WARNING"}],"manual_review_flags":[]},"valid":true,"error_count":0,"warning_count":1,"manual_review_count":0},"validation_errors":[],"validation_warnings":[{"rule_id":"RULE-NUM-005","severity":"WARNING","field":"technical.polycount_actual","message":"polycount_actual is at or below 50% of polycount_max — asset may be under-detailed for its declared budget","expected":"> 5000 (50% of polycount_max 10000)","actual":"1"}],"validation_manual_review_flags":[],"review_items_created":0,"open_review_items":[]} c1d77282-23dd-4c46-a52e-4b7b037c7fc5
[PIPELINE] stage 7 — checking onboardingResult.success c1d77282-23dd-4c46-a52e-4b7b037c7fc5
[PIPELINE] stage 7 — success branch entered, success: true c1d77282-23dd-4c46-a52e-4b7b037c7fc5
[PIPELINE] stage 7 — assigning onboardingValidationRunId c1d77282-23dd-4c46-a52e-4b7b037c7fc5
[PIPELINE] stage 7 — onboardingValidationRunId assigned: 1ca7ed62-2397-43cc-9eee-c422070170b7 c1d77282-23dd-4c46-a52e-4b7b037c7fc5
[PIPELINE] stage 7 — calling logEvent passed c1d77282-23dd-4c46-a52e-4b7b037c7fc5
[PIPELINE] stage 7 done — callOnboardingSubmit accepted, validationRunId: 1ca7ed62-2397-43cc-9eee-c422070170b7 c1d77282-23dd-4c46-a52e-4b7b037c7fc5
[PIPELINE] stage 8 start — uploadFileBytes GLB production c1d77282-23dd-4c46-a52e-4b7b037c7fc5 hat_gen_c1d77282.glb
[PIPELINE] stage 8 done — uploadFileBytes GLB production c1d77282-23dd-4c46-a52e-4b7b037c7fc5
[PIPELINE] stage 8 start — uploadFileBytes thumbnail production c1d77282-23dd-4c46-a52e-4b7b037c7fc5 hat_gen_c1d77282.png
[PIPELINE] stage 8 done — uploadFileBytes thumbnail production c1d77282-23dd-4c46-a52e-4b7b037c7fc5
[PIPELINE] stage 8 start — completeGenerationJob c1d77282-23dd-4c46-a52e-4b7b037c7fc5 hat_gen_c1d77282 validationRunId: 1ca7ed62-2397-43cc-9eee-c422070170b7
[DB] completion affected rows: 1
[PIPELINE] stage 8 done — completeGenerationJob c1d77282-23dd-4c46-a52e-4b7b037c7fc5
[worker] pending job found: 46efb6e5-45de-4d47-bfe0-2706cec19afd
[worker] claimGenerationJob result: claimed
[worker] calling runGenerationPipeline 46efb6e5-45de-4d47-bfe0-2706cec19afd
[PIPELINE] start 46efb6e5-45de-4d47-bfe0-2706cec19afd
[PIPELINE] stage 1 done — job claimed by worker 46efb6e5-45de-4d47-bfe0-2706cec19afd
[PIPELINE] calling runStages 46efb6e5-45de-4d47-bfe0-2706cec19afd
[PIPELINE] runStages start 46efb6e5-45de-4d47-bfe0-2706cec19afd targetAssetId: hat_gen_46efb6e5
[PIPELINE] stage 2 start — calling avatar_assets ownership query 46efb6e5-45de-4d47-bfe0-2706cec19afd
[PIPELINE] stage 2 done 46efb6e5-45de-4d47-bfe0-2706cec19afd
[PIPELINE] stage 3 — generating GLB + PNG bytes 46efb6e5-45de-4d47-bfe0-2706cec19afd
[PIPELINE] stage 3 — bytes generated, GLB: 48 thumb: 67
[PIPELINE] stage 3 — calling uploadFileBytes GLB staging 46efb6e5-45de-4d47-bfe0-2706cec19afd 46efb6e5-45de-4d47-bfe0-2706cec19afd/generated.glb
[PIPELINE] stage 3 — calling uploadFileBytes thumbnail staging 46efb6e5-45de-4d47-bfe0-2706cec19afd 46efb6e5-45de-4d47-bfe0-2706cec19afd/thumbnail.png
[PIPELINE] stage 3 — calling setGeneratedFiles 46efb6e5-45de-4d47-bfe0-2706cec19afd
[DB] setGeneratedFiles calling RPC 46efb6e5-45de-4d47-bfe0-2706cec19afd { previousVersion: 0, claimedAt: "2026-05-08T14:58:03.605755+00:00" }
[PIPELINE] stage 3 done 46efb6e5-45de-4d47-bfe0-2706cec19afd
[PIPELINE] stage 4 start — calling checkCopyright 46efb6e5-45de-4d47-bfe0-2706cec19afd
[PIPELINE] stage 4 — calling setCopyrightReview, verdict: clear 46efb6e5-45de-4d47-bfe0-2706cec19afd
[DB] query created 46efb6e5-45de-4d47-bfe0-2706cec19afd
[DB] query resolved 46efb6e5-45de-4d47-bfe0-2706cec19afd
[DB] parsed result 46efb6e5-45de-4d47-bfe0-2706cec19afd HAS DATA NO ERROR
[PIPELINE] stage 4 — setCopyrightReview returned, updatedJob: set 46efb6e5-45de-4d47-bfe0-2706cec19afd
[PIPELINE] stage 4 done — setCopyrightReview CAS passed, result: clear 46efb6e5-45de-4d47-bfe0-2706cec19afd
[PIPELINE] stage 5 done — copyright gate passed, proceeding to stages 6-8 46efb6e5-45de-4d47-bfe0-2706cec19afd
[PIPELINE] stage 5 — SKIP_ONBOARDING: false 46efb6e5-45de-4d47-bfe0-2706cec19afd
[PIPELINE] stage 6 start — production re-check 46efb6e5-45de-4d47-bfe0-2706cec19afd
[PIPELINE] stage 6 start — supabase.from(avatar_assets).select(production_enabled) 46efb6e5-45de-4d47-bfe0-2706cec19afd hat_gen_46efb6e5
[PIPELINE] stage 6 — production recheck returned, recheckError: none recheckAsset: null 46efb6e5-45de-4d47-bfe0-2706cec19afd
[PIPELINE] stage 6 done — production recheck passed 46efb6e5-45de-4d47-bfe0-2706cec19afd
[PIPELINE] stage 7 start — buildOnboardingMetadata 46efb6e5-45de-4d47-bfe0-2706cec19afd
[PIPELINE] stage 7 — buildOnboardingMetadata done, glbStagingStoragePath: 46efb6e5-45de-4d47-bfe0-2706cec19afd/generated.glb 46efb6e5-45de-4d47-bfe0-2706cec19afd
[PIPELINE] stage 7 — calling onboardingSubmit 46efb6e5-45de-4d47-bfe0-2706cec19afd triggeredBy: generation-pipeline:46efb6e5-45de-4d47-bfe0-2706cec19afd glbStagingStoragePath: 46efb6e5-45de-4d47-bfe0-2706cec19afd/generated.glb onboardingMetadata: {"schema_version":"1.0","identity":{"asset_id":"hat_gen_46efb6e5","slot":"hat","display_name":"a safari pith helmet in khaki","version":"1.0","status":"draft","created_by":"generation-pipeline:46efb6e5-45de-4d47-bfe0-2706cec19afd","created_at":"2026-05-08","approved_by":null,"approved_at":null},"classification":{"rarity":"standard","school_safe":false,"moderation_required":true,"whitelist_approved":false},"visual":{"primary_color":null,"secondary_color":null,"accent_color":null,"silhouette_type":"hat","thumbnail_priority":5},"technical":{"polycount_max":10000,"polycount_actual":1,"texture_resolution":"256x256","texture_format":"png","texture_embedded":false,"export_format":"glb","file_size_kb_max":1024,"file_size_kb_actual":1,"attachment_type":"parented","attachment_bone":"attach_head","rig_required":false},"validation":{"copyright_review_passed":false,"school_safe_review_passed":false,"thumbnail_readability_passed":false,"clipping_test_passed":false,"browser_validation_passed":false,"qa_approved":false},"forbidden_reference_check":{"fortnite":false,"roblox":false,"minecraft":false,"nike":false,"adidas":false,"jordan":false,"marvel":false,"disney":false,"star_wars":false,"political_symbols":false,"nazi_symbols":false},"deployment":{"production_enabled":false,"release_group":"v1","rollout_stage":"none"},"audit":{"last_modified_by":"generation-pipeline:46efb6e5-45de-4d47-bfe0-2706cec19afd","last_modified_at":"2026-05-08","review_notes":null}}
[PIPELINE] stage 7 — onboardingSubmit returned 46efb6e5-45de-4d47-bfe0-2706cec19afd
[PIPELINE] stage 7 — onboardingResult raw: {"success":true,"action":"submit","asset_id":"hat_gen_46efb6e5","message":"Asset onboarded successfully — 1 warning(s) recorded","asset":{"asset_id":"hat_gen_46efb6e5","slot":"hat","display_name":"a safari pith helmet in khaki","current_status":"draft","production_enabled":false,"storage_path":"46efb6e5-45de-4d47-bfe0-2706cec19afd/generated.glb","metadata":{"audit":{"review_notes":null,"last_modified_at":"2026-05-08","last_modified_by":"generation-pipeline:46efb6e5-45de-4d47-bfe0-2706cec19afd"},"visual":{"accent_color":null,"primary_color":null,"secondary_color":null,"silhouette_type":"hat","thumbnail_priority":5},"identity":{"slot":"hat","status":"draft","version":"1.0","asset_id":"hat_gen_46efb6e5","created_at":"2026-05-08","created_by":"generation-pipeline:46efb6e5-45de-4d47-bfe0-2706cec19afd","approved_at":null,"approved_by":null,"display_name":"a safari pith helmet in khaki"},"technical":{"rig_required":false,"export_format":"glb","polycount_max":10000,"texture_format":"png","attachment_bone":"attach_head","attachment_type":"parented","file_size_kb_max":1024,"polycount_actual":1,"texture_embedded":false,"texture_resolution":"256x256","file_size_kb_actual":1},"deployment":{"release_group":"v1","rollout_stage":"none","production_enabled":false},"validation":{"qa_approved":false,"clipping_test_passed":false,"copyright_review_passed":false,"browser_validation_passed":false,"school_safe_review_passed":false,"thumbnail_readability_passed":false},"classification":{"rarity":"standard","school_safe":false,"whitelist_approved":false,"moderation_required":true},"schema_version":"1.0","forbidden_reference_check":{"nike":false,"adidas":false,"disney":false,"jordan":false,"marvel":false,"roblox":false,"fortnite":false,"minecraft":false,"star_wars":false,"nazi_symbols":false,"political_symbols":false}},"created_by":"generation-pipeline:46efb6e5-45de-4d47-bfe0-2706cec19afd","created_at":"2026-05-08T14:58:05.656+00:00","last_modified_by":"generation-pipeline:46efb6e5-45de-4d47-bfe0-2706cec19afd","last_modified_at":"2026-05-08T14:58:05.656+00:00"},"validation_run":{"id":"437aaebc-c5cf-4a4b-b5f6-a76cbeb045f7","asset_id":"hat_gen_46efb6e5","run_at":"2026-05-08T14:58:05.836012+00:00","triggered_by":"generation-pipeline:46efb6e5-45de-4d47-bfe0-2706cec19afd","payload":{"audit":{"review_notes":null,"last_modified_at":"2026-05-08","last_modified_by":"generation-pipeline:46efb6e5-45de-4d47-bfe0-2706cec19afd"},"visual":{"accent_color":null,"primary_color":null,"secondary_color":null,"silhouette_type":"hat","thumbnail_priority":5},"identity":{"slot":"hat","status":"draft","version":"1.0","asset_id":"hat_gen_46efb6e5","created_at":"2026-05-08","created_by":"generation-pipeline:46efb6e5-45de-4d47-bfe0-2706cec19afd","approved_at":null,"approved_by":null,"display_name":"a safari pith helmet in khaki"},"technical":{"rig_required":false,"export_format":"glb","polycount_max":10000,"texture_format":"png","attachment_bone":"attach_head","attachment_type":"parented","file_size_kb_max":1024,"polycount_actual":1,"texture_embedded":false,"texture_resolution":"256x256","file_size_kb_actual":1},"deployment":{"release_group":"v1","rollout_stage":"none","production_enabled":false},"validation":{"qa_approved":false,"clipping_test_passed":false,"copyright_review_passed":false,"browser_validation_passed":false,"school_safe_review_passed":false,"thumbnail_readability_passed":false},"classification":{"rarity":"standard","school_safe":false,"whitelist_approved":false,"moderation_required":true},"schema_version":"1.0","forbidden_reference_check":{"nike":false,"adidas":false,"disney":false,"jordan":false,"marvel":false,"roblox":false,"fortnite":false,"minecraft":false,"star_wars":false,"nazi_symbols":false,"political_symbols":false}},"response":{"valid":true,"errors":[],"asset_id":"hat_gen_46efb6e5","warnings":[{"field":"technical.polycount_actual","actual":"1","message":"polycount_actual is at or below 50% of polycount_max — asset may be under-detailed for its declared budget","rule_id":"RULE-NUM-005","expected":"> 5000 (50% of polycount_max 10000)","severity":"WARNING"}],"manual_review_flags":[]},"valid":true,"error_count":0,"warning_count":1,"manual_review_count":0},"validation_errors":[],"validation_warnings":[{"rule_id":"RULE-NUM-005","severity":"WARNING","field":"technical.polycount_actual","message":"polycount_actual is at or below 50% of polycount_max — asset may be under-detailed for its declared budget","expected":"> 5000 (50% of polycount_max 10000)","actual":"1"}],"validation_manual_review_flags":[],"review_items_created":0,"open_review_items":[]} 46efb6e5-45de-4d47-bfe0-2706cec19afd
[PIPELINE] stage 7 — checking onboardingResult.success 46efb6e5-45de-4d47-bfe0-2706cec19afd
[PIPELINE] stage 7 — success branch entered, success: true 46efb6e5-45de-4d47-bfe0-2706cec19afd
[PIPELINE] stage 7 — assigning onboardingValidationRunId 46efb6e5-45de-4d47-bfe0-2706cec19afd
[PIPELINE] stage 7 — onboardingValidationRunId assigned: 437aaebc-c5cf-4a4b-b5f6-a76cbeb045f7 46efb6e5-45de-4d47-bfe0-2706cec19afd
[PIPELINE] stage 7 — calling logEvent passed 46efb6e5-45de-4d47-bfe0-2706cec19afd
[PIPELINE] stage 7 done — callOnboardingSubmit accepted, validationRunId: 437aaebc-c5cf-4a4b-b5f6-a76cbeb045f7 46efb6e5-45de-4d47-bfe0-2706cec19afd
[PIPELINE] stage 8 start — uploadFileBytes GLB production 46efb6e5-45de-4d47-bfe0-2706cec19afd hat_gen_46efb6e5.glb
[PIPELINE] stage 8 done — uploadFileBytes GLB production 46efb6e5-45de-4d47-bfe0-2706cec19afd
[PIPELINE] stage 8 start — uploadFileBytes thumbnail production 46efb6e5-45de-4d47-bfe0-2706cec19afd hat_gen_46efb6e5.png
[PIPELINE] stage 8 done — uploadFileBytes thumbnail production 46efb6e5-45de-4d47-bfe0-2706cec19afd
[PIPELINE] stage 8 start — completeGenerationJob 46efb6e5-45de-4d47-bfe0-2706cec19afd hat_gen_46efb6e5 validationRunId: 437aaebc-c5cf-4a4b-b5f6-a76cbeb045f7
[DB] completion affected rows: 1
[PIPELINE] stage 8 done — completeGenerationJob 46efb6e5-45de-4d47-bfe0-2706cec19afd
[worker] pending job found: e2af6a46-8518-4842-a878-b7fe9dd8a942
[worker] claimGenerationJob result: claimed
[worker] calling runGenerationPipeline e2af6a46-8518-4842-a878-b7fe9dd8a942
[PIPELINE] start e2af6a46-8518-4842-a878-b7fe9dd8a942
[PIPELINE] stage 1 done — job claimed by worker e2af6a46-8518-4842-a878-b7fe9dd8a942
[PIPELINE] calling runStages e2af6a46-8518-4842-a878-b7fe9dd8a942
[PIPELINE] runStages start e2af6a46-8518-4842-a878-b7fe9dd8a942 targetAssetId: hat_gen_e2af6a46
[PIPELINE] stage 2 start — calling avatar_assets ownership query e2af6a46-8518-4842-a878-b7fe9dd8a942
[PIPELINE] stage 2 done e2af6a46-8518-4842-a878-b7fe9dd8a942
[PIPELINE] stage 3 — generating GLB + PNG bytes e2af6a46-8518-4842-a878-b7fe9dd8a942
[PIPELINE] stage 3 — bytes generated, GLB: 48 thumb: 67
[PIPELINE] stage 3 — calling uploadFileBytes GLB staging e2af6a46-8518-4842-a878-b7fe9dd8a942 e2af6a46-8518-4842-a878-b7fe9dd8a942/generated.glb
[PIPELINE] stage 3 — calling uploadFileBytes thumbnail staging e2af6a46-8518-4842-a878-b7fe9dd8a942 e2af6a46-8518-4842-a878-b7fe9dd8a942/thumbnail.png
[PIPELINE] stage 3 — calling setGeneratedFiles e2af6a46-8518-4842-a878-b7fe9dd8a942
[DB] setGeneratedFiles calling RPC e2af6a46-8518-4842-a878-b7fe9dd8a942 { previousVersion: 0, claimedAt: "2026-05-08T14:58:06.773686+00:00" }
[PIPELINE] stage 3 done e2af6a46-8518-4842-a878-b7fe9dd8a942
[PIPELINE] stage 4 start — calling checkCopyright e2af6a46-8518-4842-a878-b7fe9dd8a942
[PIPELINE] stage 4 — calling setCopyrightReview, verdict: clear e2af6a46-8518-4842-a878-b7fe9dd8a942
[DB] query created e2af6a46-8518-4842-a878-b7fe9dd8a942
[DB] query resolved e2af6a46-8518-4842-a878-b7fe9dd8a942
[DB] parsed result e2af6a46-8518-4842-a878-b7fe9dd8a942 HAS DATA NO ERROR
[PIPELINE] stage 4 — setCopyrightReview returned, updatedJob: set e2af6a46-8518-4842-a878-b7fe9dd8a942
[PIPELINE] stage 4 done — setCopyrightReview CAS passed, result: clear e2af6a46-8518-4842-a878-b7fe9dd8a942
[PIPELINE] stage 5 done — copyright gate passed, proceeding to stages 6-8 e2af6a46-8518-4842-a878-b7fe9dd8a942
[PIPELINE] stage 5 — SKIP_ONBOARDING: false e2af6a46-8518-4842-a878-b7fe9dd8a942
[PIPELINE] stage 6 start — production re-check e2af6a46-8518-4842-a878-b7fe9dd8a942
[PIPELINE] stage 6 start — supabase.from(avatar_assets).select(production_enabled) e2af6a46-8518-4842-a878-b7fe9dd8a942 hat_gen_e2af6a46
[PIPELINE] stage 6 — production recheck returned, recheckError: none recheckAsset: null e2af6a46-8518-4842-a878-b7fe9dd8a942
[PIPELINE] stage 6 done — production recheck passed e2af6a46-8518-4842-a878-b7fe9dd8a942
[PIPELINE] stage 7 start — buildOnboardingMetadata e2af6a46-8518-4842-a878-b7fe9dd8a942
[PIPELINE] stage 7 — buildOnboardingMetadata done, glbStagingStoragePath: e2af6a46-8518-4842-a878-b7fe9dd8a942/generated.glb e2af6a46-8518-4842-a878-b7fe9dd8a942
[PIPELINE] stage 7 — calling onboardingSubmit e2af6a46-8518-4842-a878-b7fe9dd8a942 triggeredBy: generation-pipeline:e2af6a46-8518-4842-a878-b7fe9dd8a942 glbStagingStoragePath: e2af6a46-8518-4842-a878-b7fe9dd8a942/generated.glb onboardingMetadata: {"schema_version":"1.0","identity":{"asset_id":"hat_gen_e2af6a46","slot":"hat","display_name":"a graduation mortarboard with a tassel","version":"1.0","status":"draft","created_by":"generation-pipeline:e2af6a46-8518-4842-a878-b7fe9dd8a942","created_at":"2026-05-08","approved_by":null,"approved_at":null},"classification":{"rarity":"standard","school_safe":false,"moderation_required":true,"whitelist_approved":false},"visual":{"primary_color":null,"secondary_color":null,"accent_color":null,"silhouette_type":"hat","thumbnail_priority":5},"technical":{"polycount_max":10000,"polycount_actual":1,"texture_resolution":"256x256","texture_format":"png","texture_embedded":false,"export_format":"glb","file_size_kb_max":1024,"file_size_kb_actual":1,"attachment_type":"parented","attachment_bone":"attach_head","rig_required":false},"validation":{"copyright_review_passed":false,"school_safe_review_passed":false,"thumbnail_readability_passed":false,"clipping_test_passed":false,"browser_validation_passed":false,"qa_approved":false},"forbidden_reference_check":{"fortnite":false,"roblox":false,"minecraft":false,"nike":false,"adidas":false,"jordan":false,"marvel":false,"disney":false,"star_wars":false,"political_symbols":false,"nazi_symbols":false},"deployment":{"production_enabled":false,"release_group":"v1","rollout_stage":"none"},"audit":{"last_modified_by":"generation-pipeline:e2af6a46-8518-4842-a878-b7fe9dd8a942","last_modified_at":"2026-05-08","review_notes":null}}
[PIPELINE] stage 7 — onboardingSubmit returned e2af6a46-8518-4842-a878-b7fe9dd8a942
[PIPELINE] stage 7 — onboardingResult raw: {"success":true,"action":"submit","asset_id":"hat_gen_e2af6a46","message":"Asset onboarded successfully — 1 warning(s) recorded","asset":{"asset_id":"hat_gen_e2af6a46","slot":"hat","display_name":"a graduation mortarboard with a tassel","current_status":"draft","production_enabled":false,"storage_path":"e2af6a46-8518-4842-a878-b7fe9dd8a942/generated.glb","metadata":{"audit":{"review_notes":null,"last_modified_at":"2026-05-08","last_modified_by":"generation-pipeline:e2af6a46-8518-4842-a878-b7fe9dd8a942"},"visual":{"accent_color":null,"primary_color":null,"secondary_color":null,"silhouette_type":"hat","thumbnail_priority":5},"identity":{"slot":"hat","status":"draft","version":"1.0","asset_id":"hat_gen_e2af6a46","created_at":"2026-05-08","created_by":"generation-pipeline:e2af6a46-8518-4842-a878-b7fe9dd8a942","approved_at":null,"approved_by":null,"display_name":"a graduation mortarboard with a tassel"},"technical":{"rig_required":false,"export_format":"glb","polycount_max":10000,"texture_format":"png","attachment_bone":"attach_head","attachment_type":"parented","file_size_kb_max":1024,"polycount_actual":1,"texture_embedded":false,"texture_resolution":"256x256","file_size_kb_actual":1},"deployment":{"release_group":"v1","rollout_stage":"none","production_enabled":false},"validation":{"qa_approved":false,"clipping_test_passed":false,"copyright_review_passed":false,"browser_validation_passed":false,"school_safe_review_passed":false,"thumbnail_readability_passed":false},"classification":{"rarity":"standard","school_safe":false,"whitelist_approved":false,"moderation_required":true},"schema_version":"1.0","forbidden_reference_check":{"nike":false,"adidas":false,"disney":false,"jordan":false,"marvel":false,"roblox":false,"fortnite":false,"minecraft":false,"star_wars":false,"nazi_symbols":false,"political_symbols":false}},"created_by":"generation-pipeline:e2af6a46-8518-4842-a878-b7fe9dd8a942","created_at":"2026-05-08T14:58:08.742+00:00","last_modified_by":"generation-pipeline:e2af6a46-8518-4842-a878-b7fe9dd8a942","last_modified_at":"2026-05-08T14:58:08.742+00:00"},"validation_run":{"id":"d5803764-3695-4366-b759-6fb773d51452","asset_id":"hat_gen_e2af6a46","run_at":"2026-05-08T14:58:08.864378+00:00","triggered_by":"generation-pipeline:e2af6a46-8518-4842-a878-b7fe9dd8a942","payload":{"audit":{"review_notes":null,"last_modified_at":"2026-05-08","last_modified_by":"generation-pipeline:e2af6a46-8518-4842-a878-b7fe9dd8a942"},"visual":{"accent_color":null,"primary_color":null,"secondary_color":null,"silhouette_type":"hat","thumbnail_priority":5},"identity":{"slot":"hat","status":"draft","version":"1.0","asset_id":"hat_gen_e2af6a46","created_at":"2026-05-08","created_by":"generation-pipeline:e2af6a46-8518-4842-a878-b7fe9dd8a942","approved_at":null,"approved_by":null,"display_name":"a graduation mortarboard with a tassel"},"technical":{"rig_required":false,"export_format":"glb","polycount_max":10000,"texture_format":"png","attachment_bone":"attach_head","attachment_type":"parented","file_size_kb_max":1024,"polycount_actual":1,"texture_embedded":false,"texture_resolution":"256x256","file_size_kb_actual":1},"deployment":{"release_group":"v1","rollout_stage":"none","production_enabled":false},"validation":{"qa_approved":false,"clipping_test_passed":false,"copyright_review_passed":false,"browser_validation_passed":false,"school_safe_review_passed":false,"thumbnail_readability_passed":false},"classification":{"rarity":"standard","school_safe":false,"whitelist_approved":false,"moderation_required":true},"schema_version":"1.0","forbidden_reference_check":{"nike":false,"adidas":false,"disney":false,"jordan":false,"marvel":false,"roblox":false,"fortnite":false,"minecraft":false,"star_wars":false,"nazi_symbols":false,"political_symbols":false}},"response":{"valid":true,"errors":[],"asset_id":"hat_gen_e2af6a46","warnings":[{"field":"technical.polycount_actual","actual":"1","message":"polycount_actual is at or below 50% of polycount_max — asset may be under-detailed for its declared budget","rule_id":"RULE-NUM-005","expected":"> 5000 (50% of polycount_max 10000)","severity":"WARNING"}],"manual_review_flags":[]},"valid":true,"error_count":0,"warning_count":1,"manual_review_count":0},"validation_errors":[],"validation_warnings":[{"rule_id":"RULE-NUM-005","severity":"WARNING","field":"technical.polycount_actual","message":"polycount_actual is at or below 50% of polycount_max — asset may be under-detailed for its declared budget","expected":"> 5000 (50% of polycount_max 10000)","actual":"1"}],"validation_manual_review_flags":[],"review_items_created":0,"open_review_items":[]} e2af6a46-8518-4842-a878-b7fe9dd8a942
[PIPELINE] stage 7 — checking onboardingResult.success e2af6a46-8518-4842-a878-b7fe9dd8a942
[PIPELINE] stage 7 — success branch entered, success: true e2af6a46-8518-4842-a878-b7fe9dd8a942
[PIPELINE] stage 7 — assigning onboardingValidationRunId e2af6a46-8518-4842-a878-b7fe9dd8a942
[PIPELINE] stage 7 — onboardingValidationRunId assigned: d5803764-3695-4366-b759-6fb773d51452 e2af6a46-8518-4842-a878-b7fe9dd8a942
[PIPELINE] stage 7 — calling logEvent passed e2af6a46-8518-4842-a878-b7fe9dd8a942
[PIPELINE] stage 7 done — callOnboardingSubmit accepted, validationRunId: d5803764-3695-4366-b759-6fb773d51452 e2af6a46-8518-4842-a878-b7fe9dd8a942
[PIPELINE] stage 8 start — uploadFileBytes GLB production e2af6a46-8518-4842-a878-b7fe9dd8a942 hat_gen_e2af6a46.glb
[PIPELINE] stage 8 done — uploadFileBytes GLB production e2af6a46-8518-4842-a878-b7fe9dd8a942
[PIPELINE] stage 8 start — uploadFileBytes thumbnail production e2af6a46-8518-4842-a878-b7fe9dd8a942 hat_gen_e2af6a46.png
[PIPELINE] stage 8 done — uploadFileBytes thumbnail production e2af6a46-8518-4842-a878-b7fe9dd8a942
[PIPELINE] stage 8 start — completeGenerationJob e2af6a46-8518-4842-a878-b7fe9dd8a942 hat_gen_e2af6a46 validationRunId: d5803764-3695-4366-b759-6fb773d51452
[DB] completion affected rows: 1
[PIPELINE] stage 8 done — completeGenerationJob e2af6a46-8518-4842-a878-b7fe9dd8a942
[worker] pending job found: e1f764ca-ae5c-4bbe-b4f0-09467de8700f
[worker] claimGenerationJob result: claimed
[worker] calling runGenerationPipeline e1f764ca-ae5c-4bbe-b4f0-09467de8700f
[PIPELINE] start e1f764ca-ae5c-4bbe-b4f0-09467de8700f
[PIPELINE] stage 1 done — job claimed by worker e1f764ca-ae5c-4bbe-b4f0-09467de8700f
[PIPELINE] calling runStages e1f764ca-ae5c-4bbe-b4f0-09467de8700f
[PIPELINE] runStages start e1f764ca-ae5c-4bbe-b4f0-09467de8700f targetAssetId: hat_gen_e1f764ca
[PIPELINE] stage 2 start — calling avatar_assets ownership query e1f764ca-ae5c-4bbe-b4f0-09467de8700f
[PIPELINE] stage 2 done e1f764ca-ae5c-4bbe-b4f0-09467de8700f
[PIPELINE] stage 3 — generating GLB + PNG bytes e1f764ca-ae5c-4bbe-b4f0-09467de8700f
[PIPELINE] stage 3 — bytes generated, GLB: 48 thumb: 67
[PIPELINE] stage 3 — calling uploadFileBytes GLB staging e1f764ca-ae5c-4bbe-b4f0-09467de8700f e1f764ca-ae5c-4bbe-b4f0-09467de8700f/generated.glb
[PIPELINE] stage 3 — calling uploadFileBytes thumbnail staging e1f764ca-ae5c-4bbe-b4f0-09467de8700f e1f764ca-ae5c-4bbe-b4f0-09467de8700f/thumbnail.png
[PIPELINE] stage 3 — calling setGeneratedFiles e1f764ca-ae5c-4bbe-b4f0-09467de8700f
[DB] setGeneratedFiles calling RPC e1f764ca-ae5c-4bbe-b4f0-09467de8700f { previousVersion: 0, claimedAt: "2026-05-08T14:58:09.818645+00:00" }
[PIPELINE] stage 3 done e1f764ca-ae5c-4bbe-b4f0-09467de8700f
[PIPELINE] stage 4 start — calling checkCopyright e1f764ca-ae5c-4bbe-b4f0-09467de8700f
[PIPELINE] stage 4 — calling setCopyrightReview, verdict: clear e1f764ca-ae5c-4bbe-b4f0-09467de8700f
[DB] query created e1f764ca-ae5c-4bbe-b4f0-09467de8700f
[DB] query resolved e1f764ca-ae5c-4bbe-b4f0-09467de8700f
[DB] parsed result e1f764ca-ae5c-4bbe-b4f0-09467de8700f HAS DATA NO ERROR
[PIPELINE] stage 4 — setCopyrightReview returned, updatedJob: set e1f764ca-ae5c-4bbe-b4f0-09467de8700f
[PIPELINE] stage 4 done — setCopyrightReview CAS passed, result: clear e1f764ca-ae5c-4bbe-b4f0-09467de8700f
[PIPELINE] stage 5 done — copyright gate passed, proceeding to stages 6-8 e1f764ca-ae5c-4bbe-b4f0-09467de8700f
[PIPELINE] stage 5 — SKIP_ONBOARDING: false e1f764ca-ae5c-4bbe-b4f0-09467de8700f
[PIPELINE] stage 6 start — production re-check e1f764ca-ae5c-4bbe-b4f0-09467de8700f
[PIPELINE] stage 6 start — supabase.from(avatar_assets).select(production_enabled) e1f764ca-ae5c-4bbe-b4f0-09467de8700f hat_gen_e1f764ca
[PIPELINE] stage 6 — production recheck returned, recheckError: none recheckAsset: null e1f764ca-ae5c-4bbe-b4f0-09467de8700f
[PIPELINE] stage 6 done — production recheck passed e1f764ca-ae5c-4bbe-b4f0-09467de8700f
[PIPELINE] stage 7 start — buildOnboardingMetadata e1f764ca-ae5c-4bbe-b4f0-09467de8700f
[PIPELINE] stage 7 — buildOnboardingMetadata done, glbStagingStoragePath: e1f764ca-ae5c-4bbe-b4f0-09467de8700f/generated.glb e1f764ca-ae5c-4bbe-b4f0-09467de8700f
[PIPELINE] stage 7 — calling onboardingSubmit e1f764ca-ae5c-4bbe-b4f0-09467de8700f triggeredBy: generation-pipeline:e1f764ca-ae5c-4bbe-b4f0-09467de8700f glbStagingStoragePath: e1f764ca-ae5c-4bbe-b4f0-09467de8700f/generated.glb onboardingMetadata: {"schema_version":"1.0","identity":{"asset_id":"hat_gen_e1f764ca","slot":"hat","display_name":"a party hat with polka dots and a pom-pom","version":"1.0","status":"draft","created_by":"generation-pipeline:e1f764ca-ae5c-4bbe-b4f0-09467de8700f","created_at":"2026-05-08","approved_by":null,"approved_at":null},"classification":{"rarity":"standard","school_safe":false,"moderation_required":true,"whitelist_approved":false},"visual":{"primary_color":null,"secondary_color":null,"accent_color":null,"silhouette_type":"hat","thumbnail_priority":5},"technical":{"polycount_max":10000,"polycount_actual":1,"texture_resolution":"256x256","texture_format":"png","texture_embedded":false,"export_format":"glb","file_size_kb_max":1024,"file_size_kb_actual":1,"attachment_type":"parented","attachment_bone":"attach_head","rig_required":false},"validation":{"copyright_review_passed":false,"school_safe_review_passed":false,"thumbnail_readability_passed":false,"clipping_test_passed":false,"browser_validation_passed":false,"qa_approved":false},"forbidden_reference_check":{"fortnite":false,"roblox":false,"minecraft":false,"nike":false,"adidas":false,"jordan":false,"marvel":false,"disney":false,"star_wars":false,"political_symbols":false,"nazi_symbols":false},"deployment":{"production_enabled":false,"release_group":"v1","rollout_stage":"none"},"audit":{"last_modified_by":"generation-pipeline:e1f764ca-ae5c-4bbe-b4f0-09467de8700f","last_modified_at":"2026-05-08","review_notes":null}}
[PIPELINE] stage 7 — onboardingSubmit returned e1f764ca-ae5c-4bbe-b4f0-09467de8700f
[PIPELINE] stage 7 — onboardingResult raw: {"success":true,"action":"submit","asset_id":"hat_gen_e1f764ca","message":"Asset onboarded successfully — 1 warning(s) recorded","asset":{"asset_id":"hat_gen_e1f764ca","slot":"hat","display_name":"a party hat with polka dots and a pom-pom","current_status":"draft","production_enabled":false,"storage_path":"e1f764ca-ae5c-4bbe-b4f0-09467de8700f/generated.glb","metadata":{"audit":{"review_notes":null,"last_modified_at":"2026-05-08","last_modified_by":"generation-pipeline:e1f764ca-ae5c-4bbe-b4f0-09467de8700f"},"visual":{"accent_color":null,"primary_color":null,"secondary_color":null,"silhouette_type":"hat","thumbnail_priority":5},"identity":{"slot":"hat","status":"draft","version":"1.0","asset_id":"hat_gen_e1f764ca","created_at":"2026-05-08","created_by":"generation-pipeline:e1f764ca-ae5c-4bbe-b4f0-09467de8700f","approved_at":null,"approved_by":null,"display_name":"a party hat with polka dots and a pom-pom"},"technical":{"rig_required":false,"export_format":"glb","polycount_max":10000,"texture_format":"png","attachment_bone":"attach_head","attachment_type":"parented","file_size_kb_max":1024,"polycount_actual":1,"texture_embedded":false,"texture_resolution":"256x256","file_size_kb_actual":1},"deployment":{"release_group":"v1","rollout_stage":"none","production_enabled":false},"validation":{"qa_approved":false,"clipping_test_passed":false,"copyright_review_passed":false,"browser_validation_passed":false,"school_safe_review_passed":false,"thumbnail_readability_passed":false},"classification":{"rarity":"standard","school_safe":false,"whitelist_approved":false,"moderation_required":true},"schema_version":"1.0","forbidden_reference_check":{"nike":false,"adidas":false,"disney":false,"jordan":false,"marvel":false,"roblox":false,"fortnite":false,"minecraft":false,"star_wars":false,"nazi_symbols":false,"political_symbols":false}},"created_by":"generation-pipeline:e1f764ca-ae5c-4bbe-b4f0-09467de8700f","created_at":"2026-05-08T14:58:11.589+00:00","last_modified_by":"generation-pipeline:e1f764ca-ae5c-4bbe-b4f0-09467de8700f","last_modified_at":"2026-05-08T14:58:11.589+00:00"},"validation_run":{"id":"44e5e494-02ac-4f8b-9e1f-c907e851753b","asset_id":"hat_gen_e1f764ca","run_at":"2026-05-08T14:58:11.678755+00:00","triggered_by":"generation-pipeline:e1f764ca-ae5c-4bbe-b4f0-09467de8700f","payload":{"audit":{"review_notes":null,"last_modified_at":"2026-05-08","last_modified_by":"generation-pipeline:e1f764ca-ae5c-4bbe-b4f0-09467de8700f"},"visual":{"accent_color":null,"primary_color":null,"secondary_color":null,"silhouette_type":"hat","thumbnail_priority":5},"identity":{"slot":"hat","status":"draft","version":"1.0","asset_id":"hat_gen_e1f764ca","created_at":"2026-05-08","created_by":"generation-pipeline:e1f764ca-ae5c-4bbe-b4f0-09467de8700f","approved_at":null,"approved_by":null,"display_name":"a party hat with polka dots and a pom-pom"},"technical":{"rig_required":false,"export_format":"glb","polycount_max":10000,"texture_format":"png","attachment_bone":"attach_head","attachment_type":"parented","file_size_kb_max":1024,"polycount_actual":1,"texture_embedded":false,"texture_resolution":"256x256","file_size_kb_actual":1},"deployment":{"release_group":"v1","rollout_stage":"none","production_enabled":false},"validation":{"qa_approved":false,"clipping_test_passed":false,"copyright_review_passed":false,"browser_validation_passed":false,"school_safe_review_passed":false,"thumbnail_readability_passed":false},"classification":{"rarity":"standard","school_safe":false,"whitelist_approved":false,"moderation_required":true},"schema_version":"1.0","forbidden_reference_check":{"nike":false,"adidas":false,"disney":false,"jordan":false,"marvel":false,"roblox":false,"fortnite":false,"minecraft":false,"star_wars":false,"nazi_symbols":false,"political_symbols":false}},"response":{"valid":true,"errors":[],"asset_id":"hat_gen_e1f764ca","warnings":[{"field":"technical.polycount_actual","actual":"1","message":"polycount_actual is at or below 50% of polycount_max — asset may be under-detailed for its declared budget","rule_id":"RULE-NUM-005","expected":"> 5000 (50% of polycount_max 10000)","severity":"WARNING"}],"manual_review_flags":[]},"valid":true,"error_count":0,"warning_count":1,"manual_review_count":0},"validation_errors":[],"validation_warnings":[{"rule_id":"RULE-NUM-005","severity":"WARNING","field":"technical.polycount_actual","message":"polycount_actual is at or below 50% of polycount_max — asset may be under-detailed for its declared budget","expected":"> 5000 (50% of polycount_max 10000)","actual":"1"}],"validation_manual_review_flags":[],"review_items_created":0,"open_review_items":[]} e1f764ca-ae5c-4bbe-b4f0-09467de8700f
[PIPELINE] stage 7 — checking onboardingResult.success e1f764ca-ae5c-4bbe-b4f0-09467de8700f
[PIPELINE] stage 7 — success branch entered, success: true e1f764ca-ae5c-4bbe-b4f0-09467de8700f
[PIPELINE] stage 7 — assigning onboardingValidationRunId e1f764ca-ae5c-4bbe-b4f0-09467de8700f
[PIPELINE] stage 7 — onboardingValidationRunId assigned: 44e5e494-02ac-4f8b-9e1f-c907e851753b e1f764ca-ae5c-4bbe-b4f0-09467de8700f
[PIPELINE] stage 7 — calling logEvent passed e1f764ca-ae5c-4bbe-b4f0-09467de8700f
[PIPELINE] stage 7 done — callOnboardingSubmit accepted, validationRunId: 44e5e494-02ac-4f8b-9e1f-c907e851753b e1f764ca-ae5c-4bbe-b4f0-09467de8700f
[PIPELINE] stage 8 start — uploadFileBytes GLB production e1f764ca-ae5c-4bbe-b4f0-09467de8700f hat_gen_e1f764ca.glb
[PIPELINE] stage 8 done — uploadFileBytes GLB production e1f764ca-ae5c-4bbe-b4f0-09467de8700f
[PIPELINE] stage 8 start — uploadFileBytes thumbnail production e1f764ca-ae5c-4bbe-b4f0-09467de8700f hat_gen_e1f764ca.png
[PIPELINE] stage 8 done — uploadFileBytes thumbnail production e1f764ca-ae5c-4bbe-b4f0-09467de8700f
[PIPELINE] stage 8 start — completeGenerationJob e1f764ca-ae5c-4bbe-b4f0-09467de8700f hat_gen_e1f764ca validationRunId: 44e5e494-02ac-4f8b-9e1f-c907e851753b
[DB] completion affected rows: 1
[PIPELINE] stage 8 done — completeGenerationJob e1f764ca-ae5c-4bbe-b4f0-09467de8700f
[worker] pending job found: 8ef247ee-c5ff-4be0-8e9e-3187b522d39b
[worker] claimGenerationJob result: claimed
[worker] calling runGenerationPipeline 8ef247ee-c5ff-4be0-8e9e-3187b522d39b
[PIPELINE] start 8ef247ee-c5ff-4be0-8e9e-3187b522d39b
[PIPELINE] stage 1 done — job claimed by worker 8ef247ee-c5ff-4be0-8e9e-3187b522d39b
[PIPELINE] calling runStages 8ef247ee-c5ff-4be0-8e9e-3187b522d39b
[PIPELINE] runStages start 8ef247ee-c5ff-4be0-8e9e-3187b522d39b targetAssetId: hat_gen_8ef247ee
[PIPELINE] stage 2 start — calling avatar_assets ownership query 8ef247ee-c5ff-4be0-8e9e-3187b522d39b
[PIPELINE] stage 2 done 8ef247ee-c5ff-4be0-8e9e-3187b522d39b
[PIPELINE] stage 3 — generating GLB + PNG bytes 8ef247ee-c5ff-4be0-8e9e-3187b522d39b
[PIPELINE] stage 3 — bytes generated, GLB: 48 thumb: 67
[PIPELINE] stage 3 — calling uploadFileBytes GLB staging 8ef247ee-c5ff-4be0-8e9e-3187b522d39b 8ef247ee-c5ff-4be0-8e9e-3187b522d39b/generated.glb
[PIPELINE] stage 3 — calling uploadFileBytes thumbnail staging 8ef247ee-c5ff-4be0-8e9e-3187b522d39b 8ef247ee-c5ff-4be0-8e9e-3187b522d39b/thumbnail.png
[PIPELINE] stage 3 — calling setGeneratedFiles 8ef247ee-c5ff-4be0-8e9e-3187b522d39b
[DB] setGeneratedFiles calling RPC 8ef247ee-c5ff-4be0-8e9e-3187b522d39b { previousVersion: 0, claimedAt: "2026-05-08T14:58:13.045857+00:00" }
[PIPELINE] stage 3 done 8ef247ee-c5ff-4be0-8e9e-3187b522d39b
[PIPELINE] stage 4 start — calling checkCopyright 8ef247ee-c5ff-4be0-8e9e-3187b522d39b
[PIPELINE] stage 4 — calling setCopyrightReview, verdict: clear 8ef247ee-c5ff-4be0-8e9e-3187b522d39b
[DB] query created 8ef247ee-c5ff-4be0-8e9e-3187b522d39b
[DB] query resolved 8ef247ee-c5ff-4be0-8e9e-3187b522d39b
[DB] parsed result 8ef247ee-c5ff-4be0-8e9e-3187b522d39b HAS DATA NO ERROR
[PIPELINE] stage 4 — setCopyrightReview returned, updatedJob: set 8ef247ee-c5ff-4be0-8e9e-3187b522d39b
[PIPELINE] stage 4 done — setCopyrightReview CAS passed, result: clear 8ef247ee-c5ff-4be0-8e9e-3187b522d39b
[PIPELINE] stage 5 done — copyright gate passed, proceeding to stages 6-8 8ef247ee-c5ff-4be0-8e9e-3187b522d39b
[PIPELINE] stage 5 — SKIP_ONBOARDING: false 8ef247ee-c5ff-4be0-8e9e-3187b522d39b
[PIPELINE] stage 6 start — production re-check 8ef247ee-c5ff-4be0-8e9e-3187b522d39b
[PIPELINE] stage 6 start — supabase.from(avatar_assets).select(production_enabled) 8ef247ee-c5ff-4be0-8e9e-3187b522d39b hat_gen_8ef247ee
[PIPELINE] stage 6 — production recheck returned, recheckError: none recheckAsset: null 8ef247ee-c5ff-4be0-8e9e-3187b522d39b
[PIPELINE] stage 6 done — production recheck passed 8ef247ee-c5ff-4be0-8e9e-3187b522d39b
[PIPELINE] stage 7 start — buildOnboardingMetadata 8ef247ee-c5ff-4be0-8e9e-3187b522d39b
[PIPELINE] stage 7 — buildOnboardingMetadata done, glbStagingStoragePath: 8ef247ee-c5ff-4be0-8e9e-3187b522d39b/generated.glb 8ef247ee-c5ff-4be0-8e9e-3187b522d39b
[PIPELINE] stage 7 — calling onboardingSubmit 8ef247ee-c5ff-4be0-8e9e-3187b522d39b triggeredBy: generation-pipeline:8ef247ee-c5ff-4be0-8e9e-3187b522d39b glbStagingStoragePath: 8ef247ee-c5ff-4be0-8e9e-3187b522d39b/generated.glb onboardingMetadata: {"schema_version":"1.0","identity":{"asset_id":"hat_gen_8ef247ee","slot":"hat","display_name":"a viking helmet with small decorative horns","version":"1.0","status":"draft","created_by":"generation-pipeline:8ef247ee-c5ff-4be0-8e9e-3187b522d39b","created_at":"2026-05-08","approved_by":null,"approved_at":null},"classification":{"rarity":"standard","school_safe":false,"moderation_required":true,"whitelist_approved":false},"visual":{"primary_color":null,"secondary_color":null,"accent_color":null,"silhouette_type":"hat","thumbnail_priority":5},"technical":{"polycount_max":10000,"polycount_actual":1,"texture_resolution":"256x256","texture_format":"png","texture_embedded":false,"export_format":"glb","file_size_kb_max":1024,"file_size_kb_actual":1,"attachment_type":"parented","attachment_bone":"attach_head","rig_required":false},"validation":{"copyright_review_passed":false,"school_safe_review_passed":false,"thumbnail_readability_passed":false,"clipping_test_passed":false,"browser_validation_passed":false,"qa_approved":false},"forbidden_reference_check":{"fortnite":false,"roblox":false,"minecraft":false,"nike":false,"adidas":false,"jordan":false,"marvel":false,"disney":false,"star_wars":false,"political_symbols":false,"nazi_symbols":false},"deployment":{"production_enabled":false,"release_group":"v1","rollout_stage":"none"},"audit":{"last_modified_by":"generation-pipeline:8ef247ee-c5ff-4be0-8e9e-3187b522d39b","last_modified_at":"2026-05-08","review_notes":null}}
[PIPELINE] stage 7 — onboardingSubmit returned 8ef247ee-c5ff-4be0-8e9e-3187b522d39b
[PIPELINE] stage 7 — onboardingResult raw: {"success":true,"action":"submit","asset_id":"hat_gen_8ef247ee","message":"Asset onboarded successfully — 1 warning(s) recorded","asset":{"asset_id":"hat_gen_8ef247ee","slot":"hat","display_name":"a viking helmet with small decorative horns","current_status":"draft","production_enabled":false,"storage_path":"8ef247ee-c5ff-4be0-8e9e-3187b522d39b/generated.glb","metadata":{"audit":{"review_notes":null,"last_modified_at":"2026-05-08","last_modified_by":"generation-pipeline:8ef247ee-c5ff-4be0-8e9e-3187b522d39b"},"visual":{"accent_color":null,"primary_color":null,"secondary_color":null,"silhouette_type":"hat","thumbnail_priority":5},"identity":{"slot":"hat","status":"draft","version":"1.0","asset_id":"hat_gen_8ef247ee","created_at":"2026-05-08","created_by":"generation-pipeline:8ef247ee-c5ff-4be0-8e9e-3187b522d39b","approved_at":null,"approved_by":null,"display_name":"a viking helmet with small decorative horns"},"technical":{"rig_required":false,"export_format":"glb","polycount_max":10000,"texture_format":"png","attachment_bone":"attach_head","attachment_type":"parented","file_size_kb_max":1024,"polycount_actual":1,"texture_embedded":false,"texture_resolution":"256x256","file_size_kb_actual":1},"deployment":{"release_group":"v1","rollout_stage":"none","production_enabled":false},"validation":{"qa_approved":false,"clipping_test_passed":false,"copyright_review_passed":false,"browser_validation_passed":false,"school_safe_review_passed":false,"thumbnail_readability_passed":false},"classification":{"rarity":"standard","school_safe":false,"whitelist_approved":false,"moderation_required":true},"schema_version":"1.0","forbidden_reference_check":{"nike":false,"adidas":false,"disney":false,"jordan":false,"marvel":false,"roblox":false,"fortnite":false,"minecraft":false,"star_wars":false,"nazi_symbols":false,"political_symbols":false}},"created_by":"generation-pipeline:8ef247ee-c5ff-4be0-8e9e-3187b522d39b","created_at":"2026-05-08T14:58:15.009+00:00","last_modified_by":"generation-pipeline:8ef247ee-c5ff-4be0-8e9e-3187b522d39b","last_modified_at":"2026-05-08T14:58:15.009+00:00"},"validation_run":{"id":"226cd5aa-f338-48aa-b0ee-f6b49f4a8139","asset_id":"hat_gen_8ef247ee","run_at":"2026-05-08T14:58:15.127754+00:00","triggered_by":"generation-pipeline:8ef247ee-c5ff-4be0-8e9e-3187b522d39b","payload":{"audit":{"review_notes":null,"last_modified_at":"2026-05-08","last_modified_by":"generation-pipeline:8ef247ee-c5ff-4be0-8e9e-3187b522d39b"},"visual":{"accent_color":null,"primary_color":null,"secondary_color":null,"silhouette_type":"hat","thumbnail_priority":5},"identity":{"slot":"hat","status":"draft","version":"1.0","asset_id":"hat_gen_8ef247ee","created_at":"2026-05-08","created_by":"generation-pipeline:8ef247ee-c5ff-4be0-8e9e-3187b522d39b","approved_at":null,"approved_by":null,"display_name":"a viking helmet with small decorative horns"},"technical":{"rig_required":false,"export_format":"glb","polycount_max":10000,"texture_format":"png","attachment_bone":"attach_head","attachment_type":"parented","file_size_kb_max":1024,"polycount_actual":1,"texture_embedded":false,"texture_resolution":"256x256","file_size_kb_actual":1},"deployment":{"release_group":"v1","rollout_stage":"none","production_enabled":false},"validation":{"qa_approved":false,"clipping_test_passed":false,"copyright_review_passed":false,"browser_validation_passed":false,"school_safe_review_passed":false,"thumbnail_readability_passed":false},"classification":{"rarity":"standard","school_safe":false,"whitelist_approved":false,"moderation_required":true},"schema_version":"1.0","forbidden_reference_check":{"nike":false,"adidas":false,"disney":false,"jordan":false,"marvel":false,"roblox":false,"fortnite":false,"minecraft":false,"star_wars":false,"nazi_symbols":false,"political_symbols":false}},"response":{"valid":true,"errors":[],"asset_id":"hat_gen_8ef247ee","warnings":[{"field":"technical.polycount_actual","actual":"1","message":"polycount_actual is at or below 50% of polycount_max — asset may be under-detailed for its declared budget","rule_id":"RULE-NUM-005","expected":"> 5000 (50% of polycount_max 10000)","severity":"WARNING"}],"manual_review_flags":[]},"valid":true,"error_count":0,"warning_count":1,"manual_review_count":0},"validation_errors":[],"validation_warnings":[{"rule_id":"RULE-NUM-005","severity":"WARNING","field":"technical.polycount_actual","message":"polycount_actual is at or below 50% of polycount_max — asset may be under-detailed for its declared budget","expected":"> 5000 (50% of polycount_max 10000)","actual":"1"}],"validation_manual_review_flags":[],"review_items_created":0,"open_review_items":[]} 8ef247ee-c5ff-4be0-8e9e-3187b522d39b
[PIPELINE] stage 7 — checking onboardingResult.success 8ef247ee-c5ff-4be0-8e9e-3187b522d39b
[PIPELINE] stage 7 — success branch entered, success: true 8ef247ee-c5ff-4be0-8e9e-3187b522d39b
[PIPELINE] stage 7 — assigning onboardingValidationRunId 8ef247ee-c5ff-4be0-8e9e-3187b522d39b
[PIPELINE] stage 7 — onboardingValidationRunId assigned: 226cd5aa-f338-48aa-b0ee-f6b49f4a8139 8ef247ee-c5ff-4be0-8e9e-3187b522d39b
[PIPELINE] stage 7 — calling logEvent passed 8ef247ee-c5ff-4be0-8e9e-3187b522d39b
[PIPELINE] stage 7 done — callOnboardingSubmit accepted, validationRunId: 226cd5aa-f338-48aa-b0ee-f6b49f4a8139 8ef247ee-c5ff-4be0-8e9e-3187b522d39b
[PIPELINE] stage 8 start — uploadFileBytes GLB production 8ef247ee-c5ff-4be0-8e9e-3187b522d39b hat_gen_8ef247ee.glb
[PIPELINE] stage 8 done — uploadFileBytes GLB production 8ef247ee-c5ff-4be0-8e9e-3187b522d39b
[PIPELINE] stage 8 start — uploadFileBytes thumbnail production 8ef247ee-c5ff-4be0-8e9e-3187b522d39b hat_gen_8ef247ee.png
[PIPELINE] stage 8 done — uploadFileBytes thumbnail production 8ef247ee-c5ff-4be0-8e9e-3187b522d39b
[PIPELINE] stage 8 start — completeGenerationJob 8ef247ee-c5ff-4be0-8e9e-3187b522d39b hat_gen_8ef247ee validationRunId: 226cd5aa-f338-48aa-b0ee-f6b49f4a8139
[DB] completion affected rows: 1
[PIPELINE] stage 8 done — completeGenerationJob 8ef247ee-c5ff-4be0-8e9e-3187b522d39b
[worker] pending job found: 09100c5f-aef3-458e-9b5a-366db12f5fe9
[worker] claimGenerationJob result: claimed
[worker] calling runGenerationPipeline 09100c5f-aef3-458e-9b5a-366db12f5fe9
[PIPELINE] start 09100c5f-aef3-458e-9b5a-366db12f5fe9
[PIPELINE] stage 1 done — job claimed by worker 09100c5f-aef3-458e-9b5a-366db12f5fe9
[PIPELINE] calling runStages 09100c5f-aef3-458e-9b5a-366db12f5fe9
[PIPELINE] runStages start 09100c5f-aef3-458e-9b5a-366db12f5fe9 targetAssetId: hat_gen_09100c5f
[PIPELINE] stage 2 start — calling avatar_assets ownership query 09100c5f-aef3-458e-9b5a-366db12f5fe9
[PIPELINE] stage 2 done 09100c5f-aef3-458e-9b5a-366db12f5fe9
[PIPELINE] stage 3 — generating GLB + PNG bytes 09100c5f-aef3-458e-9b5a-366db12f5fe9
[PIPELINE] stage 3 — bytes generated, GLB: 48 thumb: 67
[PIPELINE] stage 3 — calling uploadFileBytes GLB staging 09100c5f-aef3-458e-9b5a-366db12f5fe9 09100c5f-aef3-458e-9b5a-366db12f5fe9/generated.glb
[PIPELINE] stage 3 — calling uploadFileBytes thumbnail staging 09100c5f-aef3-458e-9b5a-366db12f5fe9 09100c5f-aef3-458e-9b5a-366db12f5fe9/thumbnail.png
[PIPELINE] stage 3 — calling setGeneratedFiles 09100c5f-aef3-458e-9b5a-366db12f5fe9
[DB] setGeneratedFiles calling RPC 09100c5f-aef3-458e-9b5a-366db12f5fe9 { previousVersion: 0, claimedAt: "2026-05-08T14:58:16.138444+00:00" }
[PIPELINE] stage 3 done 09100c5f-aef3-458e-9b5a-366db12f5fe9
[PIPELINE] stage 4 start — calling checkCopyright 09100c5f-aef3-458e-9b5a-366db12f5fe9
[PIPELINE] stage 4 — calling setCopyrightReview, verdict: clear 09100c5f-aef3-458e-9b5a-366db12f5fe9
[DB] query created 09100c5f-aef3-458e-9b5a-366db12f5fe9
[DB] query resolved 09100c5f-aef3-458e-9b5a-366db12f5fe9
[DB] parsed result 09100c5f-aef3-458e-9b5a-366db12f5fe9 HAS DATA NO ERROR
[PIPELINE] stage 4 — setCopyrightReview returned, updatedJob: set 09100c5f-aef3-458e-9b5a-366db12f5fe9
[PIPELINE] stage 4 done — setCopyrightReview CAS passed, result: clear 09100c5f-aef3-458e-9b5a-366db12f5fe9
[PIPELINE] stage 5 done — copyright gate passed, proceeding to stages 6-8 09100c5f-aef3-458e-9b5a-366db12f5fe9
[PIPELINE] stage 5 — SKIP_ONBOARDING: false 09100c5f-aef3-458e-9b5a-366db12f5fe9
[PIPELINE] stage 6 start — production re-check 09100c5f-aef3-458e-9b5a-366db12f5fe9
[PIPELINE] stage 6 start — supabase.from(avatar_assets).select(production_enabled) 09100c5f-aef3-458e-9b5a-366db12f5fe9 hat_gen_09100c5f
[PIPELINE] stage 6 — production recheck returned, recheckError: none recheckAsset: null 09100c5f-aef3-458e-9b5a-366db12f5fe9
[PIPELINE] stage 6 done — production recheck passed 09100c5f-aef3-458e-9b5a-366db12f5fe9
[PIPELINE] stage 7 start — buildOnboardingMetadata 09100c5f-aef3-458e-9b5a-366db12f5fe9
[PIPELINE] stage 7 — buildOnboardingMetadata done, glbStagingStoragePath: 09100c5f-aef3-458e-9b5a-366db12f5fe9/generated.glb 09100c5f-aef3-458e-9b5a-366db12f5fe9
[PIPELINE] stage 7 — calling onboardingSubmit 09100c5f-aef3-458e-9b5a-366db12f5fe9 triggeredBy: generation-pipeline:09100c5f-aef3-458e-9b5a-366db12f5fe9 glbStagingStoragePath: 09100c5f-aef3-458e-9b5a-366db12f5fe9/generated.glb onboardingMetadata: {"schema_version":"1.0","identity":{"asset_id":"hat_gen_09100c5f","slot":"hat","display_name":"a top hat in glossy black","version":"1.0","status":"draft","created_by":"generation-pipeline:09100c5f-aef3-458e-9b5a-366db12f5fe9","created_at":"2026-05-08","approved_by":null,"approved_at":null},"classification":{"rarity":"standard","school_safe":false,"moderation_required":true,"whitelist_approved":false},"visual":{"primary_color":null,"secondary_color":null,"accent_color":null,"silhouette_type":"hat","thumbnail_priority":5},"technical":{"polycount_max":10000,"polycount_actual":1,"texture_resolution":"256x256","texture_format":"png","texture_embedded":false,"export_format":"glb","file_size_kb_max":1024,"file_size_kb_actual":1,"attachment_type":"parented","attachment_bone":"attach_head","rig_required":false},"validation":{"copyright_review_passed":false,"school_safe_review_passed":false,"thumbnail_readability_passed":false,"clipping_test_passed":false,"browser_validation_passed":false,"qa_approved":false},"forbidden_reference_check":{"fortnite":false,"roblox":false,"minecraft":false,"nike":false,"adidas":false,"jordan":false,"marvel":false,"disney":false,"star_wars":false,"political_symbols":false,"nazi_symbols":false},"deployment":{"production_enabled":false,"release_group":"v1","rollout_stage":"none"},"audit":{"last_modified_by":"generation-pipeline:09100c5f-aef3-458e-9b5a-366db12f5fe9","last_modified_at":"2026-05-08","review_notes":null}}
[PIPELINE] stage 7 — onboardingSubmit returned 09100c5f-aef3-458e-9b5a-366db12f5fe9
[PIPELINE] stage 7 — onboardingResult raw: {"success":true,"action":"submit","asset_id":"hat_gen_09100c5f","message":"Asset onboarded successfully — 1 warning(s) recorded","asset":{"asset_id":"hat_gen_09100c5f","slot":"hat","display_name":"a top hat in glossy black","current_status":"draft","production_enabled":false,"storage_path":"09100c5f-aef3-458e-9b5a-366db12f5fe9/generated.glb","metadata":{"audit":{"review_notes":null,"last_modified_at":"2026-05-08","last_modified_by":"generation-pipeline:09100c5f-aef3-458e-9b5a-366db12f5fe9"},"visual":{"accent_color":null,"primary_color":null,"secondary_color":null,"silhouette_type":"hat","thumbnail_priority":5},"identity":{"slot":"hat","status":"draft","version":"1.0","asset_id":"hat_gen_09100c5f","created_at":"2026-05-08","created_by":"generation-pipeline:09100c5f-aef3-458e-9b5a-366db12f5fe9","approved_at":null,"approved_by":null,"display_name":"a top hat in glossy black"},"technical":{"rig_required":false,"export_format":"glb","polycount_max":10000,"texture_format":"png","attachment_bone":"attach_head","attachment_type":"parented","file_size_kb_max":1024,"polycount_actual":1,"texture_embedded":false,"texture_resolution":"256x256","file_size_kb_actual":1},"deployment":{"release_group":"v1","rollout_stage":"none","production_enabled":false},"validation":{"qa_approved":false,"clipping_test_passed":false,"copyright_review_passed":false,"browser_validation_passed":false,"school_safe_review_passed":false,"thumbnail_readability_passed":false},"classification":{"rarity":"standard","school_safe":false,"whitelist_approved":false,"moderation_required":true},"schema_version":"1.0","forbidden_reference_check":{"nike":false,"adidas":false,"disney":false,"jordan":false,"marvel":false,"roblox":false,"fortnite":false,"minecraft":false,"star_wars":false,"nazi_symbols":false,"political_symbols":false}},"created_by":"generation-pipeline:09100c5f-aef3-458e-9b5a-366db12f5fe9","created_at":"2026-05-08T14:58:17.96+00:00","last_modified_by":"generation-pipeline:09100c5f-aef3-458e-9b5a-366db12f5fe9","last_modified_at":"2026-05-08T14:58:17.96+00:00"},"validation_run":{"id":"af8d45eb-d420-4acf-bce4-2db750db6a47","asset_id":"hat_gen_09100c5f","run_at":"2026-05-08T14:58:18.078829+00:00","triggered_by":"generation-pipeline:09100c5f-aef3-458e-9b5a-366db12f5fe9","payload":{"audit":{"review_notes":null,"last_modified_at":"2026-05-08","last_modified_by":"generation-pipeline:09100c5f-aef3-458e-9b5a-366db12f5fe9"},"visual":{"accent_color":null,"primary_color":null,"secondary_color":null,"silhouette_type":"hat","thumbnail_priority":5},"identity":{"slot":"hat","status":"draft","version":"1.0","asset_id":"hat_gen_09100c5f","created_at":"2026-05-08","created_by":"generation-pipeline:09100c5f-aef3-458e-9b5a-366db12f5fe9","approved_at":null,"approved_by":null,"display_name":"a top hat in glossy black"},"technical":{"rig_required":false,"export_format":"glb","polycount_max":10000,"texture_format":"png","attachment_bone":"attach_head","attachment_type":"parented","file_size_kb_max":1024,"polycount_actual":1,"texture_embedded":false,"texture_resolution":"256x256","file_size_kb_actual":1},"deployment":{"release_group":"v1","rollout_stage":"none","production_enabled":false},"validation":{"qa_approved":false,"clipping_test_passed":false,"copyright_review_passed":false,"browser_validation_passed":false,"school_safe_review_passed":false,"thumbnail_readability_passed":false},"classification":{"rarity":"standard","school_safe":false,"whitelist_approved":false,"moderation_required":true},"schema_version":"1.0","forbidden_reference_check":{"nike":false,"adidas":false,"disney":false,"jordan":false,"marvel":false,"roblox":false,"fortnite":false,"minecraft":false,"star_wars":false,"nazi_symbols":false,"political_symbols":false}},"response":{"valid":true,"errors":[],"asset_id":"hat_gen_09100c5f","warnings":[{"field":"technical.polycount_actual","actual":"1","message":"polycount_actual is at or below 50% of polycount_max — asset may be under-detailed for its declared budget","rule_id":"RULE-NUM-005","expected":"> 5000 (50% of polycount_max 10000)","severity":"WARNING"}],"manual_review_flags":[]},"valid":true,"error_count":0,"warning_count":1,"manual_review_count":0},"validation_errors":[],"validation_warnings":[{"rule_id":"RULE-NUM-005","severity":"WARNING","field":"technical.polycount_actual","message":"polycount_actual is at or below 50% of polycount_max — asset may be under-detailed for its declared budget","expected":"> 5000 (50% of polycount_max 10000)","actual":"1"}],"validation_manual_review_flags":[],"review_items_created":0,"open_review_items":[]} 09100c5f-aef3-458e-9b5a-366db12f5fe9
[PIPELINE] stage 7 — checking onboardingResult.success 09100c5f-aef3-458e-9b5a-366db12f5fe9
[PIPELINE] stage 7 — success branch entered, success: true 09100c5f-aef3-458e-9b5a-366db12f5fe9
[PIPELINE] stage 7 — assigning onboardingValidationRunId 09100c5f-aef3-458e-9b5a-366db12f5fe9
[PIPELINE] stage 7 — onboardingValidationRunId assigned: af8d45eb-d420-4acf-bce4-2db750db6a47 09100c5f-aef3-458e-9b5a-366db12f5fe9
[PIPELINE] stage 7 — calling logEvent passed 09100c5f-aef3-458e-9b5a-366db12f5fe9
[PIPELINE] stage 7 done — callOnboardingSubmit accepted, validationRunId: af8d45eb-d420-4acf-bce4-2db750db6a47 09100c5f-aef3-458e-9b5a-366db12f5fe9
[PIPELINE] stage 8 start — uploadFileBytes GLB production 09100c5f-aef3-458e-9b5a-366db12f5fe9 hat_gen_09100c5f.glb
[PIPELINE] stage 8 done — uploadFileBytes GLB production 09100c5f-aef3-458e-9b5a-366db12f5fe9
[PIPELINE] stage 8 start — uploadFileBytes thumbnail production 09100c5f-aef3-458e-9b5a-366db12f5fe9 hat_gen_09100c5f.png
[PIPELINE] stage 8 done — uploadFileBytes thumbnail production 09100c5f-aef3-458e-9b5a-366db12f5fe9
[PIPELINE] stage 8 start — completeGenerationJob 09100c5f-aef3-458e-9b5a-366db12f5fe9 hat_gen_09100c5f validationRunId: af8d45eb-d420-4acf-bce4-2db750db6a47
[DB] completion affected rows: 1
[PIPELINE] stage 8 done — completeGenerationJob 09100c5f-aef3-458e-9b5a-366db12f5fe9
[worker] pending job found: 736c6191-17ba-4b48-b5fd-41411b4bf58b
[worker] claimGenerationJob result: claimed
[worker] calling runGenerationPipeline 736c6191-17ba-4b48-b5fd-41411b4bf58b
[PIPELINE] start 736c6191-17ba-4b48-b5fd-41411b4bf58b
[PIPELINE] stage 1 done — job claimed by worker 736c6191-17ba-4b48-b5fd-41411b4bf58b
[PIPELINE] calling runStages 736c6191-17ba-4b48-b5fd-41411b4bf58b
[PIPELINE] runStages start 736c6191-17ba-4b48-b5fd-41411b4bf58b targetAssetId: hat_gen_736c6191
[PIPELINE] stage 2 start — calling avatar_assets ownership query 736c6191-17ba-4b48-b5fd-41411b4bf58b
[PIPELINE] stage 2 done 736c6191-17ba-4b48-b5fd-41411b4bf58b
[PIPELINE] stage 3 — generating GLB + PNG bytes 736c6191-17ba-4b48-b5fd-41411b4bf58b
[PIPELINE] stage 3 — bytes generated, GLB: 48 thumb: 67
[PIPELINE] stage 3 — calling uploadFileBytes GLB staging 736c6191-17ba-4b48-b5fd-41411b4bf58b 736c6191-17ba-4b48-b5fd-41411b4bf58b/generated.glb
[PIPELINE] stage 3 — calling uploadFileBytes thumbnail staging 736c6191-17ba-4b48-b5fd-41411b4bf58b 736c6191-17ba-4b48-b5fd-41411b4bf58b/thumbnail.png
[PIPELINE] stage 3 — calling setGeneratedFiles 736c6191-17ba-4b48-b5fd-41411b4bf58b
[DB] setGeneratedFiles calling RPC 736c6191-17ba-4b48-b5fd-41411b4bf58b { previousVersion: 0, claimedAt: "2026-05-08T14:58:19.081311+00:00" }
[PIPELINE] stage 3 done 736c6191-17ba-4b48-b5fd-41411b4bf58b
[PIPELINE] stage 4 start — calling checkCopyright 736c6191-17ba-4b48-b5fd-41411b4bf58b
[PIPELINE] stage 4 — calling setCopyrightReview, verdict: clear 736c6191-17ba-4b48-b5fd-41411b4bf58b
[DB] query created 736c6191-17ba-4b48-b5fd-41411b4bf58b
[DB] query resolved 736c6191-17ba-4b48-b5fd-41411b4bf58b
[DB] parsed result 736c6191-17ba-4b48-b5fd-41411b4bf58b HAS DATA NO ERROR
[PIPELINE] stage 4 — setCopyrightReview returned, updatedJob: set 736c6191-17ba-4b48-b5fd-41411b4bf58b
[PIPELINE] stage 4 done — setCopyrightReview CAS passed, result: clear 736c6191-17ba-4b48-b5fd-41411b4bf58b
[PIPELINE] stage 5 done — copyright gate passed, proceeding to stages 6-8 736c6191-17ba-4b48-b5fd-41411b4bf58b
[PIPELINE] stage 5 — SKIP_ONBOARDING: false 736c6191-17ba-4b48-b5fd-41411b4bf58b
[PIPELINE] stage 6 start — production re-check 736c6191-17ba-4b48-b5fd-41411b4bf58b
[PIPELINE] stage 6 start — supabase.from(avatar_assets).select(production_enabled) 736c6191-17ba-4b48-b5fd-41411b4bf58b hat_gen_736c6191
[PIPELINE] stage 6 — production recheck returned, recheckError: none recheckAsset: null 736c6191-17ba-4b48-b5fd-41411b4bf58b
[PIPELINE] stage 6 done — production recheck passed 736c6191-17ba-4b48-b5fd-41411b4bf58b
[PIPELINE] stage 7 start — buildOnboardingMetadata 736c6191-17ba-4b48-b5fd-41411b4bf58b
[PIPELINE] stage 7 — buildOnboardingMetadata done, glbStagingStoragePath: 736c6191-17ba-4b48-b5fd-41411b4bf58b/generated.glb 736c6191-17ba-4b48-b5fd-41411b4bf58b
[PIPELINE] stage 7 — calling onboardingSubmit 736c6191-17ba-4b48-b5fd-41411b4bf58b triggeredBy: generation-pipeline:736c6191-17ba-4b48-b5fd-41411b4bf58b glbStagingStoragePath: 736c6191-17ba-4b48-b5fd-41411b4bf58b/generated.glb onboardingMetadata: {"schema_version":"1.0","identity":{"asset_id":"hat_gen_736c6191","slot":"hat","display_name":"a flower crown woven from colorful blooms","version":"1.0","status":"draft","created_by":"generation-pipeline:736c6191-17ba-4b48-b5fd-41411b4bf58b","created_at":"2026-05-08","approved_by":null,"approved_at":null},"classification":{"rarity":"standard","school_safe":false,"moderation_required":true,"whitelist_approved":false},"visual":{"primary_color":null,"secondary_color":null,"accent_color":null,"silhouette_type":"hat","thumbnail_priority":5},"technical":{"polycount_max":10000,"polycount_actual":1,"texture_resolution":"256x256","texture_format":"png","texture_embedded":false,"export_format":"glb","file_size_kb_max":1024,"file_size_kb_actual":1,"attachment_type":"parented","attachment_bone":"attach_head","rig_required":false},"validation":{"copyright_review_passed":false,"school_safe_review_passed":false,"thumbnail_readability_passed":false,"clipping_test_passed":false,"browser_validation_passed":false,"qa_approved":false},"forbidden_reference_check":{"fortnite":false,"roblox":false,"minecraft":false,"nike":false,"adidas":false,"jordan":false,"marvel":false,"disney":false,"star_wars":false,"political_symbols":false,"nazi_symbols":false},"deployment":{"production_enabled":false,"release_group":"v1","rollout_stage":"none"},"audit":{"last_modified_by":"generation-pipeline:736c6191-17ba-4b48-b5fd-41411b4bf58b","last_modified_at":"2026-05-08","review_notes":null}}
[PIPELINE] stage 7 — onboardingSubmit returned 736c6191-17ba-4b48-b5fd-41411b4bf58b
[PIPELINE] stage 7 — onboardingResult raw: {"success":true,"action":"submit","asset_id":"hat_gen_736c6191","message":"Asset onboarded successfully — 1 warning(s) recorded","asset":{"asset_id":"hat_gen_736c6191","slot":"hat","display_name":"a flower crown woven from colorful blooms","current_status":"draft","production_enabled":false,"storage_path":"736c6191-17ba-4b48-b5fd-41411b4bf58b/generated.glb","metadata":{"audit":{"review_notes":null,"last_modified_at":"2026-05-08","last_modified_by":"generation-pipeline:736c6191-17ba-4b48-b5fd-41411b4bf58b"},"visual":{"accent_color":null,"primary_color":null,"secondary_color":null,"silhouette_type":"hat","thumbnail_priority":5},"identity":{"slot":"hat","status":"draft","version":"1.0","asset_id":"hat_gen_736c6191","created_at":"2026-05-08","created_by":"generation-pipeline:736c6191-17ba-4b48-b5fd-41411b4bf58b","approved_at":null,"approved_by":null,"display_name":"a flower crown woven from colorful blooms"},"technical":{"rig_required":false,"export_format":"glb","polycount_max":10000,"texture_format":"png","attachment_bone":"attach_head","attachment_type":"parented","file_size_kb_max":1024,"polycount_actual":1,"texture_embedded":false,"texture_resolution":"256x256","file_size_kb_actual":1},"deployment":{"release_group":"v1","rollout_stage":"none","production_enabled":false},"validation":{"qa_approved":false,"clipping_test_passed":false,"copyright_review_passed":false,"browser_validation_passed":false,"school_safe_review_passed":false,"thumbnail_readability_passed":false},"classification":{"rarity":"standard","school_safe":false,"whitelist_approved":false,"moderation_required":true},"schema_version":"1.0","forbidden_reference_check":{"nike":false,"adidas":false,"disney":false,"jordan":false,"marvel":false,"roblox":false,"fortnite":false,"minecraft":false,"star_wars":false,"nazi_symbols":false,"political_symbols":false}},"created_by":"generation-pipeline:736c6191-17ba-4b48-b5fd-41411b4bf58b","created_at":"2026-05-08T14:58:21.364+00:00","last_modified_by":"generation-pipeline:736c6191-17ba-4b48-b5fd-41411b4bf58b","last_modified_at":"2026-05-08T14:58:21.364+00:00"},"validation_run":{"id":"ece5714d-7fda-48d7-b5d7-03002457af6b","asset_id":"hat_gen_736c6191","run_at":"2026-05-08T14:58:21.465378+00:00","triggered_by":"generation-pipeline:736c6191-17ba-4b48-b5fd-41411b4bf58b","payload":{"audit":{"review_notes":null,"last_modified_at":"2026-05-08","last_modified_by":"generation-pipeline:736c6191-17ba-4b48-b5fd-41411b4bf58b"},"visual":{"accent_color":null,"primary_color":null,"secondary_color":null,"silhouette_type":"hat","thumbnail_priority":5},"identity":{"slot":"hat","status":"draft","version":"1.0","asset_id":"hat_gen_736c6191","created_at":"2026-05-08","created_by":"generation-pipeline:736c6191-17ba-4b48-b5fd-41411b4bf58b","approved_at":null,"approved_by":null,"display_name":"a flower crown woven from colorful blooms"},"technical":{"rig_required":false,"export_format":"glb","polycount_max":10000,"texture_format":"png","attachment_bone":"attach_head","attachment_type":"parented","file_size_kb_max":1024,"polycount_actual":1,"texture_embedded":false,"texture_resolution":"256x256","file_size_kb_actual":1},"deployment":{"release_group":"v1","rollout_stage":"none","production_enabled":false},"validation":{"qa_approved":false,"clipping_test_passed":false,"copyright_review_passed":false,"browser_validation_passed":false,"school_safe_review_passed":false,"thumbnail_readability_passed":false},"classification":{"rarity":"standard","school_safe":false,"whitelist_approved":false,"moderation_required":true},"schema_version":"1.0","forbidden_reference_check":{"nike":false,"adidas":false,"disney":false,"jordan":false,"marvel":false,"roblox":false,"fortnite":false,"minecraft":false,"star_wars":false,"nazi_symbols":false,"political_symbols":false}},"response":{"valid":true,"errors":[],"asset_id":"hat_gen_736c6191","warnings":[{"field":"technical.polycount_actual","actual":"1","message":"polycount_actual is at or below 50% of polycount_max — asset may be under-detailed for its declared budget","rule_id":"RULE-NUM-005","expected":"> 5000 (50% of polycount_max 10000)","severity":"WARNING"}],"manual_review_flags":[]},"valid":true,"error_count":0,"warning_count":1,"manual_review_count":0},"validation_errors":[],"validation_warnings":[{"rule_id":"RULE-NUM-005","severity":"WARNING","field":"technical.polycount_actual","message":"polycount_actual is at or below 50% of polycount_max — asset may be under-detailed for its declared budget","expected":"> 5000 (50% of polycount_max 10000)","actual":"1"}],"validation_manual_review_flags":[],"review_items_created":0,"open_review_items":[]} 736c6191-17ba-4b48-b5fd-41411b4bf58b
[PIPELINE] stage 7 — checking onboardingResult.success 736c6191-17ba-4b48-b5fd-41411b4bf58b
[PIPELINE] stage 7 — success branch entered, success: true 736c6191-17ba-4b48-b5fd-41411b4bf58b
[PIPELINE] stage 7 — assigning onboardingValidationRunId 736c6191-17ba-4b48-b5fd-41411b4bf58b
[PIPELINE] stage 7 — onboardingValidationRunId assigned: ece5714d-7fda-48d7-b5d7-03002457af6b 736c6191-17ba-4b48-b5fd-41411b4bf58b
[PIPELINE] stage 7 — calling logEvent passed 736c6191-17ba-4b48-b5fd-41411b4bf58b
[PIPELINE] stage 7 done — callOnboardingSubmit accepted, validationRunId: ece5714d-7fda-48d7-b5d7-03002457af6b 736c6191-17ba-4b48-b5fd-41411b4bf58b
[PIPELINE] stage 8 start — uploadFileBytes GLB production 736c6191-17ba-4b48-b5fd-41411b4bf58b hat_gen_736c6191.glb
[PIPELINE] stage 8 done — uploadFileBytes GLB production 736c6191-17ba-4b48-b5fd-41411b4bf58b
[PIPELINE] stage 8 start — uploadFileBytes thumbnail production 736c6191-17ba-4b48-b5fd-41411b4bf58b hat_gen_736c6191.png
[PIPELINE] stage 8 done — uploadFileBytes thumbnail production 736c6191-17ba-4b48-b5fd-41411b4bf58b
[PIPELINE] stage 8 start — completeGenerationJob 736c6191-17ba-4b48-b5fd-41411b4bf58b hat_gen_736c6191 validationRunId: ece5714d-7fda-48d7-b5d7-03002457af6b
[DB] completion affected rows: 1
[PIPELINE] stage 8 done — completeGenerationJob 736c6191-17ba-4b48-b5fd-41411b4bf58b
[worker] pending job found: f4fe2154-e13a-4ca7-965a-5a1f61811c42
[worker] claimGenerationJob result: claimed
[worker] calling runGenerationPipeline f4fe2154-e13a-4ca7-965a-5a1f61811c42
[PIPELINE] start f4fe2154-e13a-4ca7-965a-5a1f61811c42
[PIPELINE] stage 1 done — job claimed by worker f4fe2154-e13a-4ca7-965a-5a1f61811c42
[PIPELINE] calling runStages f4fe2154-e13a-4ca7-965a-5a1f61811c42
[PIPELINE] runStages start f4fe2154-e13a-4ca7-965a-5a1f61811c42 targetAssetId: hat_gen_f4fe2154
[PIPELINE] stage 2 start — calling avatar_assets ownership query f4fe2154-e13a-4ca7-965a-5a1f61811c42
[PIPELINE] stage 2 done f4fe2154-e13a-4ca7-965a-5a1f61811c42
[PIPELINE] stage 3 — generating GLB + PNG bytes f4fe2154-e13a-4ca7-965a-5a1f61811c42
[PIPELINE] stage 3 — bytes generated, GLB: 48 thumb: 67
[PIPELINE] stage 3 — calling uploadFileBytes GLB staging f4fe2154-e13a-4ca7-965a-5a1f61811c42 f4fe2154-e13a-4ca7-965a-5a1f61811c42/generated.glb
[PIPELINE] stage 3 — calling uploadFileBytes thumbnail staging f4fe2154-e13a-4ca7-965a-5a1f61811c42 f4fe2154-e13a-4ca7-965a-5a1f61811c42/thumbnail.png
[PIPELINE] stage 3 — calling setGeneratedFiles f4fe2154-e13a-4ca7-965a-5a1f61811c42
[DB] setGeneratedFiles calling RPC f4fe2154-e13a-4ca7-965a-5a1f61811c42 { previousVersion: 0, claimedAt: "2026-05-08T14:58:22.410872+00:00" }
[PIPELINE] stage 3 done f4fe2154-e13a-4ca7-965a-5a1f61811c42
[PIPELINE] stage 4 start — calling checkCopyright f4fe2154-e13a-4ca7-965a-5a1f61811c42
[PIPELINE] stage 4 — calling setCopyrightReview, verdict: clear f4fe2154-e13a-4ca7-965a-5a1f61811c42
[DB] query created f4fe2154-e13a-4ca7-965a-5a1f61811c42
[DB] query resolved f4fe2154-e13a-4ca7-965a-5a1f61811c42
[DB] parsed result f4fe2154-e13a-4ca7-965a-5a1f61811c42 HAS DATA NO ERROR
[PIPELINE] stage 4 — setCopyrightReview returned, updatedJob: set f4fe2154-e13a-4ca7-965a-5a1f61811c42
[PIPELINE] stage 4 done — setCopyrightReview CAS passed, result: clear f4fe2154-e13a-4ca7-965a-5a1f61811c42
[PIPELINE] stage 5 done — copyright gate passed, proceeding to stages 6-8 f4fe2154-e13a-4ca7-965a-5a1f61811c42
[PIPELINE] stage 5 — SKIP_ONBOARDING: false f4fe2154-e13a-4ca7-965a-5a1f61811c42
[PIPELINE] stage 6 start — production re-check f4fe2154-e13a-4ca7-965a-5a1f61811c42
[PIPELINE] stage 6 start — supabase.from(avatar_assets).select(production_enabled) f4fe2154-e13a-4ca7-965a-5a1f61811c42 hat_gen_f4fe2154
[PIPELINE] stage 6 — production recheck returned, recheckError: none recheckAsset: null f4fe2154-e13a-4ca7-965a-5a1f61811c42
[PIPELINE] stage 6 done — production recheck passed f4fe2154-e13a-4ca7-965a-5a1f61811c42
[PIPELINE] stage 7 start — buildOnboardingMetadata f4fe2154-e13a-4ca7-965a-5a1f61811c42
[PIPELINE] stage 7 — buildOnboardingMetadata done, glbStagingStoragePath: f4fe2154-e13a-4ca7-965a-5a1f61811c42/generated.glb f4fe2154-e13a-4ca7-965a-5a1f61811c42
[PIPELINE] stage 7 — calling onboardingSubmit f4fe2154-e13a-4ca7-965a-5a1f61811c42 triggeredBy: generation-pipeline:f4fe2154-e13a-4ca7-965a-5a1f61811c42 glbStagingStoragePath: f4fe2154-e13a-4ca7-965a-5a1f61811c42/generated.glb onboardingMetadata: {"schema_version":"1.0","identity":{"asset_id":"hat_gen_f4fe2154","slot":"hat","display_name":"a military beret in dark green","version":"1.0","status":"draft","created_by":"generation-pipeline:f4fe2154-e13a-4ca7-965a-5a1f61811c42","created_at":"2026-05-08","approved_by":null,"approved_at":null},"classification":{"rarity":"standard","school_safe":false,"moderation_required":true,"whitelist_approved":false},"visual":{"primary_color":null,"secondary_color":null,"accent_color":null,"silhouette_type":"hat","thumbnail_priority":5},"technical":{"polycount_max":10000,"polycount_actual":1,"texture_resolution":"256x256","texture_format":"png","texture_embedded":false,"export_format":"glb","file_size_kb_max":1024,"file_size_kb_actual":1,"attachment_type":"parented","attachment_bone":"attach_head","rig_required":false},"validation":{"copyright_review_passed":false,"school_safe_review_passed":false,"thumbnail_readability_passed":false,"clipping_test_passed":false,"browser_validation_passed":false,"qa_approved":false},"forbidden_reference_check":{"fortnite":false,"roblox":false,"minecraft":false,"nike":false,"adidas":false,"jordan":false,"marvel":false,"disney":false,"star_wars":false,"political_symbols":false,"nazi_symbols":false},"deployment":{"production_enabled":false,"release_group":"v1","rollout_stage":"none"},"audit":{"last_modified_by":"generation-pipeline:f4fe2154-e13a-4ca7-965a-5a1f61811c42","last_modified_at":"2026-05-08","review_notes":null}}
[PIPELINE] stage 7 — onboardingSubmit returned f4fe2154-e13a-4ca7-965a-5a1f61811c42
[PIPELINE] stage 7 — onboardingResult raw: {"success":true,"action":"submit","asset_id":"hat_gen_f4fe2154","message":"Asset onboarded successfully — 1 warning(s) recorded","asset":{"asset_id":"hat_gen_f4fe2154","slot":"hat","display_name":"a military beret in dark green","current_status":"draft","production_enabled":false,"storage_path":"f4fe2154-e13a-4ca7-965a-5a1f61811c42/generated.glb","metadata":{"audit":{"review_notes":null,"last_modified_at":"2026-05-08","last_modified_by":"generation-pipeline:f4fe2154-e13a-4ca7-965a-5a1f61811c42"},"visual":{"accent_color":null,"primary_color":null,"secondary_color":null,"silhouette_type":"hat","thumbnail_priority":5},"identity":{"slot":"hat","status":"draft","version":"1.0","asset_id":"hat_gen_f4fe2154","created_at":"2026-05-08","created_by":"generation-pipeline:f4fe2154-e13a-4ca7-965a-5a1f61811c42","approved_at":null,"approved_by":null,"display_name":"a military beret in dark green"},"technical":{"rig_required":false,"export_format":"glb","polycount_max":10000,"texture_format":"png","attachment_bone":"attach_head","attachment_type":"parented","file_size_kb_max":1024,"polycount_actual":1,"texture_embedded":false,"texture_resolution":"256x256","file_size_kb_actual":1},"deployment":{"release_group":"v1","rollout_stage":"none","production_enabled":false},"validation":{"qa_approved":false,"clipping_test_passed":false,"copyright_review_passed":false,"browser_validation_passed":false,"school_safe_review_passed":false,"thumbnail_readability_passed":false},"classification":{"rarity":"standard","school_safe":false,"whitelist_approved":false,"moderation_required":true},"schema_version":"1.0","forbidden_reference_check":{"nike":false,"adidas":false,"disney":false,"jordan":false,"marvel":false,"roblox":false,"fortnite":false,"minecraft":false,"star_wars":false,"nazi_symbols":false,"political_symbols":false}},"created_by":"generation-pipeline:f4fe2154-e13a-4ca7-965a-5a1f61811c42","created_at":"2026-05-08T14:58:24.217+00:00","last_modified_by":"generation-pipeline:f4fe2154-e13a-4ca7-965a-5a1f61811c42","last_modified_at":"2026-05-08T14:58:24.217+00:00"},"validation_run":{"id":"e32d17ee-a58b-4ae0-997c-d4a138cb2c34","asset_id":"hat_gen_f4fe2154","run_at":"2026-05-08T14:58:24.314894+00:00","triggered_by":"generation-pipeline:f4fe2154-e13a-4ca7-965a-5a1f61811c42","payload":{"audit":{"review_notes":null,"last_modified_at":"2026-05-08","last_modified_by":"generation-pipeline:f4fe2154-e13a-4ca7-965a-5a1f61811c42"},"visual":{"accent_color":null,"primary_color":null,"secondary_color":null,"silhouette_type":"hat","thumbnail_priority":5},"identity":{"slot":"hat","status":"draft","version":"1.0","asset_id":"hat_gen_f4fe2154","created_at":"2026-05-08","created_by":"generation-pipeline:f4fe2154-e13a-4ca7-965a-5a1f61811c42","approved_at":null,"approved_by":null,"display_name":"a military beret in dark green"},"technical":{"rig_required":false,"export_format":"glb","polycount_max":10000,"texture_format":"png","attachment_bone":"attach_head","attachment_type":"parented","file_size_kb_max":1024,"polycount_actual":1,"texture_embedded":false,"texture_resolution":"256x256","file_size_kb_actual":1},"deployment":{"release_group":"v1","rollout_stage":"none","production_enabled":false},"validation":{"qa_approved":false,"clipping_test_passed":false,"copyright_review_passed":false,"browser_validation_passed":false,"school_safe_review_passed":false,"thumbnail_readability_passed":false},"classification":{"rarity":"standard","school_safe":false,"whitelist_approved":false,"moderation_required":true},"schema_version":"1.0","forbidden_reference_check":{"nike":false,"adidas":false,"disney":false,"jordan":false,"marvel":false,"roblox":false,"fortnite":false,"minecraft":false,"star_wars":false,"nazi_symbols":false,"political_symbols":false}},"response":{"valid":true,"errors":[],"asset_id":"hat_gen_f4fe2154","warnings":[{"field":"technical.polycount_actual","actual":"1","message":"polycount_actual is at or below 50% of polycount_max — asset may be under-detailed for its declared budget","rule_id":"RULE-NUM-005","expected":"> 5000 (50% of polycount_max 10000)","severity":"WARNING"}],"manual_review_flags":[]},"valid":true,"error_count":0,"warning_count":1,"manual_review_count":0},"validation_errors":[],"validation_warnings":[{"rule_id":"RULE-NUM-005","severity":"WARNING","field":"technical.polycount_actual","message":"polycount_actual is at or below 50% of polycount_max — asset may be under-detailed for its declared budget","expected":"> 5000 (50% of polycount_max 10000)","actual":"1"}],"validation_manual_review_flags":[],"review_items_created":0,"open_review_items":[]} f4fe2154-e13a-4ca7-965a-5a1f61811c42
[PIPELINE] stage 7 — checking onboardingResult.success f4fe2154-e13a-4ca7-965a-5a1f61811c42
[PIPELINE] stage 7 — success branch entered, success: true f4fe2154-e13a-4ca7-965a-5a1f61811c42
[PIPELINE] stage 7 — assigning onboardingValidationRunId f4fe2154-e13a-4ca7-965a-5a1f61811c42
[PIPELINE] stage 7 — onboardingValidationRunId assigned: e32d17ee-a58b-4ae0-997c-d4a138cb2c34 f4fe2154-e13a-4ca7-965a-5a1f61811c42
[PIPELINE] stage 7 — calling logEvent passed f4fe2154-e13a-4ca7-965a-5a1f61811c42
[PIPELINE] stage 7 done — callOnboardingSubmit accepted, validationRunId: e32d17ee-a58b-4ae0-997c-d4a138cb2c34 f4fe2154-e13a-4ca7-965a-5a1f61811c42
[PIPELINE] stage 8 start — uploadFileBytes GLB production f4fe2154-e13a-4ca7-965a-5a1f61811c42 hat_gen_f4fe2154.glb
[PIPELINE] stage 8 done — uploadFileBytes GLB production f4fe2154-e13a-4ca7-965a-5a1f61811c42
[PIPELINE] stage 8 start — uploadFileBytes thumbnail production f4fe2154-e13a-4ca7-965a-5a1f61811c42 hat_gen_f4fe2154.png
[PIPELINE] stage 8 done — uploadFileBytes thumbnail production f4fe2154-e13a-4ca7-965a-5a1f61811c42
[PIPELINE] stage 8 start — completeGenerationJob f4fe2154-e13a-4ca7-965a-5a1f61811c42 hat_gen_f4fe2154 validationRunId: e32d17ee-a58b-4ae0-997c-d4a138cb2c34
[DB] completion affected rows: 1
[PIPELINE] stage 8 done — completeGenerationJob f4fe2154-e13a-4ca7-965a-5a1f61811c42
[worker] pending job found: 8175556e-291d-40bc-b022-715522a86a50
[worker] claimGenerationJob result: claimed
[worker] calling runGenerationPipeline 8175556e-291d-40bc-b022-715522a86a50
[PIPELINE] start 8175556e-291d-40bc-b022-715522a86a50
[PIPELINE] stage 1 done — job claimed by worker 8175556e-291d-40bc-b022-715522a86a50
[PIPELINE] calling runStages 8175556e-291d-40bc-b022-715522a86a50
[PIPELINE] runStages start 8175556e-291d-40bc-b022-715522a86a50 targetAssetId: hat_gen_8175556e
[PIPELINE] stage 2 start — calling avatar_assets ownership query 8175556e-291d-40bc-b022-715522a86a50
[PIPELINE] stage 2 done 8175556e-291d-40bc-b022-715522a86a50
[PIPELINE] stage 3 — generating GLB + PNG bytes 8175556e-291d-40bc-b022-715522a86a50
[PIPELINE] stage 3 — bytes generated, GLB: 48 thumb: 67
[PIPELINE] stage 3 — calling uploadFileBytes GLB staging 8175556e-291d-40bc-b022-715522a86a50 8175556e-291d-40bc-b022-715522a86a50/generated.glb
[PIPELINE] stage 3 — calling uploadFileBytes thumbnail staging 8175556e-291d-40bc-b022-715522a86a50 8175556e-291d-40bc-b022-715522a86a50/thumbnail.png
[PIPELINE] stage 3 — calling setGeneratedFiles 8175556e-291d-40bc-b022-715522a86a50
[DB] setGeneratedFiles calling RPC 8175556e-291d-40bc-b022-715522a86a50 { previousVersion: 0, claimedAt: "2026-05-08T14:58:25.427965+00:00" }
[PIPELINE] stage 3 done 8175556e-291d-40bc-b022-715522a86a50
[PIPELINE] stage 4 start — calling checkCopyright 8175556e-291d-40bc-b022-715522a86a50
[PIPELINE] stage 4 — calling setCopyrightReview, verdict: clear 8175556e-291d-40bc-b022-715522a86a50
[DB] query created 8175556e-291d-40bc-b022-715522a86a50
[DB] query resolved 8175556e-291d-40bc-b022-715522a86a50
[DB] parsed result 8175556e-291d-40bc-b022-715522a86a50 HAS DATA NO ERROR
[PIPELINE] stage 4 — setCopyrightReview returned, updatedJob: set 8175556e-291d-40bc-b022-715522a86a50
[PIPELINE] stage 4 done — setCopyrightReview CAS passed, result: clear 8175556e-291d-40bc-b022-715522a86a50
[PIPELINE] stage 5 done — copyright gate passed, proceeding to stages 6-8 8175556e-291d-40bc-b022-715522a86a50
[PIPELINE] stage 5 — SKIP_ONBOARDING: false 8175556e-291d-40bc-b022-715522a86a50
[PIPELINE] stage 6 start — production re-check 8175556e-291d-40bc-b022-715522a86a50
[PIPELINE] stage 6 start — supabase.from(avatar_assets).select(production_enabled) 8175556e-291d-40bc-b022-715522a86a50 hat_gen_8175556e
[PIPELINE] stage 6 — production recheck returned, recheckError: none recheckAsset: null 8175556e-291d-40bc-b022-715522a86a50
[PIPELINE] stage 6 done — production recheck passed 8175556e-291d-40bc-b022-715522a86a50
[PIPELINE] stage 7 start — buildOnboardingMetadata 8175556e-291d-40bc-b022-715522a86a50
[PIPELINE] stage 7 — buildOnboardingMetadata done, glbStagingStoragePath: 8175556e-291d-40bc-b022-715522a86a50/generated.glb 8175556e-291d-40bc-b022-715522a86a50
[PIPELINE] stage 7 — calling onboardingSubmit 8175556e-291d-40bc-b022-715522a86a50 triggeredBy: generation-pipeline:8175556e-291d-40bc-b022-715522a86a50 glbStagingStoragePath: 8175556e-291d-40bc-b022-715522a86a50/generated.glb onboardingMetadata: {"schema_version":"1.0","identity":{"asset_id":"hat_gen_8175556e","slot":"hat","display_name":"a sombrero with colorful embroidered trim","version":"1.0","status":"draft","created_by":"generation-pipeline:8175556e-291d-40bc-b022-715522a86a50","created_at":"2026-05-08","approved_by":null,"approved_at":null},"classification":{"rarity":"standard","school_safe":false,"moderation_required":true,"whitelist_approved":false},"visual":{"primary_color":null,"secondary_color":null,"accent_color":null,"silhouette_type":"hat","thumbnail_priority":5},"technical":{"polycount_max":10000,"polycount_actual":1,"texture_resolution":"256x256","texture_format":"png","texture_embedded":false,"export_format":"glb","file_size_kb_max":1024,"file_size_kb_actual":1,"attachment_type":"parented","attachment_bone":"attach_head","rig_required":false},"validation":{"copyright_review_passed":false,"school_safe_review_passed":false,"thumbnail_readability_passed":false,"clipping_test_passed":false,"browser_validation_passed":false,"qa_approved":false},"forbidden_reference_check":{"fortnite":false,"roblox":false,"minecraft":false,"nike":false,"adidas":false,"jordan":false,"marvel":false,"disney":false,"star_wars":false,"political_symbols":false,"nazi_symbols":false},"deployment":{"production_enabled":false,"release_group":"v1","rollout_stage":"none"},"audit":{"last_modified_by":"generation-pipeline:8175556e-291d-40bc-b022-715522a86a50","last_modified_at":"2026-05-08","review_notes":null}}
[PIPELINE] stage 7 — onboardingSubmit returned 8175556e-291d-40bc-b022-715522a86a50
[PIPELINE] stage 7 — onboardingResult raw: {"success":true,"action":"submit","asset_id":"hat_gen_8175556e","message":"Asset onboarded successfully — 1 warning(s) recorded","asset":{"asset_id":"hat_gen_8175556e","slot":"hat","display_name":"a sombrero with colorful embroidered trim","current_status":"draft","production_enabled":false,"storage_path":"8175556e-291d-40bc-b022-715522a86a50/generated.glb","metadata":{"audit":{"review_notes":null,"last_modified_at":"2026-05-08","last_modified_by":"generation-pipeline:8175556e-291d-40bc-b022-715522a86a50"},"visual":{"accent_color":null,"primary_color":null,"secondary_color":null,"silhouette_type":"hat","thumbnail_priority":5},"identity":{"slot":"hat","status":"draft","version":"1.0","asset_id":"hat_gen_8175556e","created_at":"2026-05-08","created_by":"generation-pipeline:8175556e-291d-40bc-b022-715522a86a50","approved_at":null,"approved_by":null,"display_name":"a sombrero with colorful embroidered trim"},"technical":{"rig_required":false,"export_format":"glb","polycount_max":10000,"texture_format":"png","attachment_bone":"attach_head","attachment_type":"parented","file_size_kb_max":1024,"polycount_actual":1,"texture_embedded":false,"texture_resolution":"256x256","file_size_kb_actual":1},"deployment":{"release_group":"v1","rollout_stage":"none","production_enabled":false},"validation":{"qa_approved":false,"clipping_test_passed":false,"copyright_review_passed":false,"browser_validation_passed":false,"school_safe_review_passed":false,"thumbnail_readability_passed":false},"classification":{"rarity":"standard","school_safe":false,"whitelist_approved":false,"moderation_required":true},"schema_version":"1.0","forbidden_reference_check":{"nike":false,"adidas":false,"disney":false,"jordan":false,"marvel":false,"roblox":false,"fortnite":false,"minecraft":false,"star_wars":false,"nazi_symbols":false,"political_symbols":false}},"created_by":"generation-pipeline:8175556e-291d-40bc-b022-715522a86a50","created_at":"2026-05-08T14:58:27.73+00:00","last_modified_by":"generation-pipeline:8175556e-291d-40bc-b022-715522a86a50","last_modified_at":"2026-05-08T14:58:27.73+00:00"},"validation_run":{"id":"feeabdeb-b7f8-48e9-b948-44ccb81667db","asset_id":"hat_gen_8175556e","run_at":"2026-05-08T14:58:27.824057+00:00","triggered_by":"generation-pipeline:8175556e-291d-40bc-b022-715522a86a50","payload":{"audit":{"review_notes":null,"last_modified_at":"2026-05-08","last_modified_by":"generation-pipeline:8175556e-291d-40bc-b022-715522a86a50"},"visual":{"accent_color":null,"primary_color":null,"secondary_color":null,"silhouette_type":"hat","thumbnail_priority":5},"identity":{"slot":"hat","status":"draft","version":"1.0","asset_id":"hat_gen_8175556e","created_at":"2026-05-08","created_by":"generation-pipeline:8175556e-291d-40bc-b022-715522a86a50","approved_at":null,"approved_by":null,"display_name":"a sombrero with colorful embroidered trim"},"technical":{"rig_required":false,"export_format":"glb","polycount_max":10000,"texture_format":"png","attachment_bone":"attach_head","attachment_type":"parented","file_size_kb_max":1024,"polycount_actual":1,"texture_embedded":false,"texture_resolution":"256x256","file_size_kb_actual":1},"deployment":{"release_group":"v1","rollout_stage":"none","production_enabled":false},"validation":{"qa_approved":false,"clipping_test_passed":false,"copyright_review_passed":false,"browser_validation_passed":false,"school_safe_review_passed":false,"thumbnail_readability_passed":false},"classification":{"rarity":"standard","school_safe":false,"whitelist_approved":false,"moderation_required":true},"schema_version":"1.0","forbidden_reference_check":{"nike":false,"adidas":false,"disney":false,"jordan":false,"marvel":false,"roblox":false,"fortnite":false,"minecraft":false,"star_wars":false,"nazi_symbols":false,"political_symbols":false}},"response":{"valid":true,"errors":[],"asset_id":"hat_gen_8175556e","warnings":[{"field":"technical.polycount_actual","actual":"1","message":"polycount_actual is at or below 50% of polycount_max — asset may be under-detailed for its declared budget","rule_id":"RULE-NUM-005","expected":"> 5000 (50% of polycount_max 10000)","severity":"WARNING"}],"manual_review_flags":[]},"valid":true,"error_count":0,"warning_count":1,"manual_review_count":0},"validation_errors":[],"validation_warnings":[{"rule_id":"RULE-NUM-005","severity":"WARNING","field":"technical.polycount_actual","message":"polycount_actual is at or below 50% of polycount_max — asset may be under-detailed for its declared budget","expected":"> 5000 (50% of polycount_max 10000)","actual":"1"}],"validation_manual_review_flags":[],"review_items_created":0,"open_review_items":[]} 8175556e-291d-40bc-b022-715522a86a50
[PIPELINE] stage 7 — checking onboardingResult.success 8175556e-291d-40bc-b022-715522a86a50
[PIPELINE] stage 7 — success branch entered, success: true 8175556e-291d-40bc-b022-715522a86a50
[PIPELINE] stage 7 — assigning onboardingValidationRunId 8175556e-291d-40bc-b022-715522a86a50
[PIPELINE] stage 7 — onboardingValidationRunId assigned: feeabdeb-b7f8-48e9-b948-44ccb81667db 8175556e-291d-40bc-b022-715522a86a50
[PIPELINE] stage 7 — calling logEvent passed 8175556e-291d-40bc-b022-715522a86a50
[PIPELINE] stage 7 done — callOnboardingSubmit accepted, validationRunId: feeabdeb-b7f8-48e9-b948-44ccb81667db 8175556e-291d-40bc-b022-715522a86a50
[PIPELINE] stage 8 start — uploadFileBytes GLB production 8175556e-291d-40bc-b022-715522a86a50 hat_gen_8175556e.glb
[PIPELINE] stage 8 done — uploadFileBytes GLB production 8175556e-291d-40bc-b022-715522a86a50
[PIPELINE] stage 8 start — uploadFileBytes thumbnail production 8175556e-291d-40bc-b022-715522a86a50 hat_gen_8175556e.png
[PIPELINE] stage 8 done — uploadFileBytes thumbnail production 8175556e-291d-40bc-b022-715522a86a50
[PIPELINE] stage 8 start — completeGenerationJob 8175556e-291d-40bc-b022-715522a86a50 hat_gen_8175556e validationRunId: feeabdeb-b7f8-48e9-b948-44ccb81667db
[DB] completion affected rows: 1
[PIPELINE] stage 8 done — completeGenerationJob 8175556e-291d-40bc-b022-715522a86a50
