[worker] pending job found: 30c6e003-7b90-4e49-a31a-4505331346ff
[worker] claimGenerationJob result: claimed
[worker] calling runGenerationPipeline 30c6e003-7b90-4e49-a31a-4505331346ff
[PIPELINE] start 30c6e003-7b90-4e49-a31a-4505331346ff
[PIPELINE] stage 1 done — job claimed by worker 30c6e003-7b90-4e49-a31a-4505331346ff
[PIPELINE] calling runStages 30c6e003-7b90-4e49-a31a-4505331346ff
[PIPELINE] runStages start 30c6e003-7b90-4e49-a31a-4505331346ff targetAssetId: hat_gen_30c6e003
[PIPELINE] stage 2 start — calling avatar_assets ownership query 30c6e003-7b90-4e49-a31a-4505331346ff
[PIPELINE] stage 2 done 30c6e003-7b90-4e49-a31a-4505331346ff
[PIPELINE] stage 3 — generating GLB + PNG bytes 30c6e003-7b90-4e49-a31a-4505331346ff
[PIPELINE] stage 3 — bytes generated, GLB: 48 thumb: 67
[PIPELINE] stage 3 — calling uploadFileBytes GLB staging 30c6e003-7b90-4e49-a31a-4505331346ff 30c6e003-7b90-4e49-a31a-4505331346ff/generated.glb
[PIPELINE] stage 3 — calling uploadFileBytes thumbnail staging 30c6e003-7b90-4e49-a31a-4505331346ff 30c6e003-7b90-4e49-a31a-4505331346ff/thumbnail.png
[PIPELINE] stage 3 — calling setGeneratedFiles 30c6e003-7b90-4e49-a31a-4505331346ff
[DB] setGeneratedFiles calling RPC 30c6e003-7b90-4e49-a31a-4505331346ff { previousVersion: 0, claimedAt: "2026-05-08T14:27:39.685933+00:00" }
[PIPELINE] stage 3 done 30c6e003-7b90-4e49-a31a-4505331346ff
[PIPELINE] stage 4 start — calling checkCopyright 30c6e003-7b90-4e49-a31a-4505331346ff
[PIPELINE] stage 4 — calling setCopyrightReview, verdict: clear 30c6e003-7b90-4e49-a31a-4505331346ff
[DB] query created 30c6e003-7b90-4e49-a31a-4505331346ff
[DB] query resolved 30c6e003-7b90-4e49-a31a-4505331346ff
[DB] parsed result 30c6e003-7b90-4e49-a31a-4505331346ff HAS DATA NO ERROR
[PIPELINE] stage 4 — setCopyrightReview returned, updatedJob: set 30c6e003-7b90-4e49-a31a-4505331346ff
[PIPELINE] stage 4 done — setCopyrightReview CAS passed, result: clear 30c6e003-7b90-4e49-a31a-4505331346ff
[PIPELINE] stage 5 done — copyright gate passed, proceeding to stages 6-8 30c6e003-7b90-4e49-a31a-4505331346ff
[PIPELINE] stage 5 — SKIP_ONBOARDING: false 30c6e003-7b90-4e49-a31a-4505331346ff
[PIPELINE] stage 6 start — production re-check 30c6e003-7b90-4e49-a31a-4505331346ff
[PIPELINE] stage 6 start — supabase.from(avatar_assets).select(production_enabled) 30c6e003-7b90-4e49-a31a-4505331346ff hat_gen_30c6e003
[PIPELINE] stage 6 — production recheck returned, recheckError: none recheckAsset: null 30c6e003-7b90-4e49-a31a-4505331346ff
[PIPELINE] stage 6 done — production recheck passed 30c6e003-7b90-4e49-a31a-4505331346ff
[PIPELINE] stage 7 start — buildOnboardingMetadata 30c6e003-7b90-4e49-a31a-4505331346ff
[PIPELINE] stage 7 — buildOnboardingMetadata done, glbStagingStoragePath: 30c6e003-7b90-4e49-a31a-4505331346ff/generated.glb 30c6e003-7b90-4e49-a31a-4505331346ff
[PIPELINE] stage 7 — calling onboardingSubmit 30c6e003-7b90-4e49-a31a-4505331346ff triggeredBy: generation-pipeline:30c6e003-7b90-4e49-a31a-4505331346ff glbStagingStoragePath: 30c6e003-7b90-4e49-a31a-4505331346ff/generated.glb onboardingMetadata: {"schema_version":"1.0","identity":{"asset_id":"hat_gen_30c6e003","slot":"hat","display_name":"a wide-brimmed sun hat with floral decoration","version":"1.0","status":"draft","created_by":"generation-pipeline:30c6e003-7b90-4e49-a31a-4505331346ff","created_at":"2026-05-08","approved_by":null,"approved_at":null},"classification":{"rarity":"standard","school_safe":false,"moderation_required":true,"whitelist_approved":false},"visual":{"primary_color":null,"secondary_color":null,"accent_color":null,"silhouette_type":"hat","thumbnail_priority":5},"technical":{"polycount_max":10000,"polycount_actual":1,"texture_resolution":"256x256","texture_format":"png","texture_embedded":false,"export_format":"glb","file_size_kb_max":1024,"file_size_kb_actual":1,"attachment_type":"parented","attachment_bone":"attach_head","rig_required":false},"validation":{"copyright_review_passed":false,"school_safe_review_passed":false,"thumbnail_readability_passed":false,"clipping_test_passed":false,"browser_validation_passed":false,"qa_approved":false},"forbidden_reference_check":{"fortnite":false,"roblox":false,"minecraft":false,"nike":false,"adidas":false,"jordan":false,"marvel":false,"disney":false,"star_wars":false,"political_symbols":false,"nazi_symbols":false},"deployment":{"production_enabled":false,"release_group":"v1","rollout_stage":"none"},"audit":{"last_modified_by":"generation-pipeline:30c6e003-7b90-4e49-a31a-4505331346ff","last_modified_at":"2026-05-08","review_notes":null}}
[PIPELINE] stage 7 — onboardingSubmit returned 30c6e003-7b90-4e49-a31a-4505331346ff
[PIPELINE] stage 7 — onboardingResult raw: {"success":true,"action":"submit","asset_id":"hat_gen_30c6e003","message":"Asset onboarded successfully — 1 warning(s) recorded","asset":{"asset_id":"hat_gen_30c6e003","slot":"hat","display_name":"a wide-brimmed sun hat with floral decoration","current_status":"draft","production_enabled":false,"storage_path":"30c6e003-7b90-4e49-a31a-4505331346ff/generated.glb","metadata":{"audit":{"review_notes":null,"last_modified_at":"2026-05-08","last_modified_by":"generation-pipeline:30c6e003-7b90-4e49-a31a-4505331346ff"},"visual":{"accent_color":null,"primary_color":null,"secondary_color":null,"silhouette_type":"hat","thumbnail_priority":5},"identity":{"slot":"hat","status":"draft","version":"1.0","asset_id":"hat_gen_30c6e003","created_at":"2026-05-08","created_by":"generation-pipeline:30c6e003-7b90-4e49-a31a-4505331346ff","approved_at":null,"approved_by":null,"display_name":"a wide-brimmed sun hat with floral decoration"},"technical":{"rig_required":false,"export_format":"glb","polycount_max":10000,"texture_format":"png","attachment_bone":"attach_head","attachment_type":"parented","file_size_kb_max":1024,"polycount_actual":1,"texture_embedded":false,"texture_resolution":"256x256","file_size_kb_actual":1},"deployment":{"release_group":"v1","rollout_stage":"none","production_enabled":false},"validation":{"qa_approved":false,"clipping_test_passed":false,"copyright_review_passed":false,"browser_validation_passed":false,"school_safe_review_passed":false,"thumbnail_readability_passed":false},"classification":{"rarity":"standard","school_safe":false,"whitelist_approved":false,"moderation_required":true},"schema_version":"1.0","forbidden_reference_check":{"nike":false,"adidas":false,"disney":false,"jordan":false,"marvel":false,"roblox":false,"fortnite":false,"minecraft":false,"star_wars":false,"nazi_symbols":false,"political_symbols":false}},"created_by":"generation-pipeline:30c6e003-7b90-4e49-a31a-4505331346ff","created_at":"2026-05-08T14:27:42.239+00:00","last_modified_by":"generation-pipeline:30c6e003-7b90-4e49-a31a-4505331346ff","last_modified_at":"2026-05-08T14:27:42.239+00:00"},"validation_run":{"id":"e7251fef-9703-451c-9f60-610f68770894","asset_id":"hat_gen_30c6e003","run_at":"2026-05-08T14:27:42.344149+00:00","triggered_by":"generation-pipeline:30c6e003-7b90-4e49-a31a-4505331346ff","payload":{"audit":{"review_notes":null,"last_modified_at":"2026-05-08","last_modified_by":"generation-pipeline:30c6e003-7b90-4e49-a31a-4505331346ff"},"visual":{"accent_color":null,"primary_color":null,"secondary_color":null,"silhouette_type":"hat","thumbnail_priority":5},"identity":{"slot":"hat","status":"draft","version":"1.0","asset_id":"hat_gen_30c6e003","created_at":"2026-05-08","created_by":"generation-pipeline:30c6e003-7b90-4e49-a31a-4505331346ff","approved_at":null,"approved_by":null,"display_name":"a wide-brimmed sun hat with floral decoration"},"technical":{"rig_required":false,"export_format":"glb","polycount_max":10000,"texture_format":"png","attachment_bone":"attach_head","attachment_type":"parented","file_size_kb_max":1024,"polycount_actual":1,"texture_embedded":false,"texture_resolution":"256x256","file_size_kb_actual":1},"deployment":{"release_group":"v1","rollout_stage":"none","production_enabled":false},"validation":{"qa_approved":false,"clipping_test_passed":false,"copyright_review_passed":false,"browser_validation_passed":false,"school_safe_review_passed":false,"thumbnail_readability_passed":false},"classification":{"rarity":"standard","school_safe":false,"whitelist_approved":false,"moderation_required":true},"schema_version":"1.0","forbidden_reference_check":{"nike":false,"adidas":false,"disney":false,"jordan":false,"marvel":false,"roblox":false,"fortnite":false,"minecraft":false,"star_wars":false,"nazi_symbols":false,"political_symbols":false}},"response":{"valid":true,"errors":[],"asset_id":"hat_gen_30c6e003","warnings":[{"field":"technical.polycount_actual","actual":"1","message":"polycount_actual is at or below 50% of polycount_max — asset may be under-detailed for its declared budget","rule_id":"RULE-NUM-005","expected":"> 5000 (50% of polycount_max 10000)","severity":"WARNING"}],"manual_review_flags":[]},"valid":true,"error_count":0,"warning_count":1,"manual_review_count":0},"validation_errors":[],"validation_warnings":[{"rule_id":"RULE-NUM-005","severity":"WARNING","field":"technical.polycount_actual","message":"polycount_actual is at or below 50% of polycount_max — asset may be under-detailed for its declared budget","expected":"> 5000 (50% of polycount_max 10000)","actual":"1"}],"validation_manual_review_flags":[],"review_items_created":0,"open_review_items":[]} 30c6e003-7b90-4e49-a31a-4505331346ff
[PIPELINE] stage 7 — checking onboardingResult.success 30c6e003-7b90-4e49-a31a-4505331346ff
[PIPELINE] stage 7 — success branch entered, success: true 30c6e003-7b90-4e49-a31a-4505331346ff
[PIPELINE] stage 7 — assigning onboardingValidationRunId 30c6e003-7b90-4e49-a31a-4505331346ff
[PIPELINE] stage 7 — onboardingValidationRunId assigned: e7251fef-9703-451c-9f60-610f68770894 30c6e003-7b90-4e49-a31a-4505331346ff
[PIPELINE] stage 7 — calling logEvent passed 30c6e003-7b90-4e49-a31a-4505331346ff
[PIPELINE] stage 7 done — callOnboardingSubmit accepted, validationRunId: e7251fef-9703-451c-9f60-610f68770894 30c6e003-7b90-4e49-a31a-4505331346ff
[PIPELINE] stage 8 start — uploadFileBytes GLB production 30c6e003-7b90-4e49-a31a-4505331346ff hat_gen_30c6e003.glb
[PIPELINE] stage 8 done — uploadFileBytes GLB production 30c6e003-7b90-4e49-a31a-4505331346ff
[PIPELINE] stage 8 start — uploadFileBytes thumbnail production 30c6e003-7b90-4e49-a31a-4505331346ff hat_gen_30c6e003.png
[PIPELINE] stage 8 done — uploadFileBytes thumbnail production 30c6e003-7b90-4e49-a31a-4505331346ff
[PIPELINE] stage 8 start — completeGenerationJob 30c6e003-7b90-4e49-a31a-4505331346ff hat_gen_30c6e003 validationRunId: e7251fef-9703-451c-9f60-610f68770894
[DB] completion affected rows: 1
[PIPELINE] stage 8 done — completeGenerationJob 30c6e003-7b90-4e49-a31a-4505331346ff
[worker] pending job found: b6c76a59-b2c5-433c-84af-74024f7ad9a9
[worker] claimGenerationJob result: claimed
[worker] calling runGenerationPipeline b6c76a59-b2c5-433c-84af-74024f7ad9a9
[PIPELINE] start b6c76a59-b2c5-433c-84af-74024f7ad9a9
[PIPELINE] stage 1 done — job claimed by worker b6c76a59-b2c5-433c-84af-74024f7ad9a9
[PIPELINE] calling runStages b6c76a59-b2c5-433c-84af-74024f7ad9a9
[PIPELINE] runStages start b6c76a59-b2c5-433c-84af-74024f7ad9a9 targetAssetId: hat_gen_b6c76a59
[PIPELINE] stage 2 start — calling avatar_assets ownership query b6c76a59-b2c5-433c-84af-74024f7ad9a9
[PIPELINE] stage 2 done b6c76a59-b2c5-433c-84af-74024f7ad9a9
[PIPELINE] stage 3 — generating GLB + PNG bytes b6c76a59-b2c5-433c-84af-74024f7ad9a9
[PIPELINE] stage 3 — bytes generated, GLB: 48 thumb: 67
[PIPELINE] stage 3 — calling uploadFileBytes GLB staging b6c76a59-b2c5-433c-84af-74024f7ad9a9 b6c76a59-b2c5-433c-84af-74024f7ad9a9/generated.glb
[PIPELINE] stage 3 — calling uploadFileBytes thumbnail staging b6c76a59-b2c5-433c-84af-74024f7ad9a9 b6c76a59-b2c5-433c-84af-74024f7ad9a9/thumbnail.png
[PIPELINE] stage 3 — calling setGeneratedFiles b6c76a59-b2c5-433c-84af-74024f7ad9a9
[DB] setGeneratedFiles calling RPC b6c76a59-b2c5-433c-84af-74024f7ad9a9 { previousVersion: 0, claimedAt: "2026-05-08T14:27:43.534671+00:00" }
[PIPELINE] stage 3 done b6c76a59-b2c5-433c-84af-74024f7ad9a9
[PIPELINE] stage 4 start — calling checkCopyright b6c76a59-b2c5-433c-84af-74024f7ad9a9
[PIPELINE] stage 4 — calling setCopyrightReview, verdict: clear b6c76a59-b2c5-433c-84af-74024f7ad9a9
[DB] query created b6c76a59-b2c5-433c-84af-74024f7ad9a9
[DB] query resolved b6c76a59-b2c5-433c-84af-74024f7ad9a9
[DB] parsed result b6c76a59-b2c5-433c-84af-74024f7ad9a9 HAS DATA NO ERROR
[PIPELINE] stage 4 — setCopyrightReview returned, updatedJob: set b6c76a59-b2c5-433c-84af-74024f7ad9a9
[PIPELINE] stage 4 done — setCopyrightReview CAS passed, result: clear b6c76a59-b2c5-433c-84af-74024f7ad9a9
[PIPELINE] stage 5 done — copyright gate passed, proceeding to stages 6-8 b6c76a59-b2c5-433c-84af-74024f7ad9a9
[PIPELINE] stage 5 — SKIP_ONBOARDING: false b6c76a59-b2c5-433c-84af-74024f7ad9a9
[PIPELINE] stage 6 start — production re-check b6c76a59-b2c5-433c-84af-74024f7ad9a9
[PIPELINE] stage 6 start — supabase.from(avatar_assets).select(production_enabled) b6c76a59-b2c5-433c-84af-74024f7ad9a9 hat_gen_b6c76a59
[PIPELINE] stage 6 — production recheck returned, recheckError: none recheckAsset: null b6c76a59-b2c5-433c-84af-74024f7ad9a9
[PIPELINE] stage 6 done — production recheck passed b6c76a59-b2c5-433c-84af-74024f7ad9a9
[PIPELINE] stage 7 start — buildOnboardingMetadata b6c76a59-b2c5-433c-84af-74024f7ad9a9
[PIPELINE] stage 7 — buildOnboardingMetadata done, glbStagingStoragePath: b6c76a59-b2c5-433c-84af-74024f7ad9a9/generated.glb b6c76a59-b2c5-433c-84af-74024f7ad9a9
[PIPELINE] stage 7 — calling onboardingSubmit b6c76a59-b2c5-433c-84af-74024f7ad9a9 triggeredBy: generation-pipeline:b6c76a59-b2c5-433c-84af-74024f7ad9a9 glbStagingStoragePath: b6c76a59-b2c5-433c-84af-74024f7ad9a9/generated.glb onboardingMetadata: {"schema_version":"1.0","identity":{"asset_id":"hat_gen_b6c76a59","slot":"hat","display_name":"a classic baseball cap with a curved peak","version":"1.0","status":"draft","created_by":"generation-pipeline:b6c76a59-b2c5-433c-84af-74024f7ad9a9","created_at":"2026-05-08","approved_by":null,"approved_at":null},"classification":{"rarity":"standard","school_safe":false,"moderation_required":true,"whitelist_approved":false},"visual":{"primary_color":null,"secondary_color":null,"accent_color":null,"silhouette_type":"hat","thumbnail_priority":5},"technical":{"polycount_max":10000,"polycount_actual":1,"texture_resolution":"256x256","texture_format":"png","texture_embedded":false,"export_format":"glb","file_size_kb_max":1024,"file_size_kb_actual":1,"attachment_type":"parented","attachment_bone":"attach_head","rig_required":false},"validation":{"copyright_review_passed":false,"school_safe_review_passed":false,"thumbnail_readability_passed":false,"clipping_test_passed":false,"browser_validation_passed":false,"qa_approved":false},"forbidden_reference_check":{"fortnite":false,"roblox":false,"minecraft":false,"nike":false,"adidas":false,"jordan":false,"marvel":false,"disney":false,"star_wars":false,"political_symbols":false,"nazi_symbols":false},"deployment":{"production_enabled":false,"release_group":"v1","rollout_stage":"none"},"audit":{"last_modified_by":"generation-pipeline:b6c76a59-b2c5-433c-84af-74024f7ad9a9","last_modified_at":"2026-05-08","review_notes":null}}
[PIPELINE] stage 7 — onboardingSubmit returned b6c76a59-b2c5-433c-84af-74024f7ad9a9
[PIPELINE] stage 7 — onboardingResult raw: {"success":true,"action":"submit","asset_id":"hat_gen_b6c76a59","message":"Asset onboarded successfully — 1 warning(s) recorded","asset":{"asset_id":"hat_gen_b6c76a59","slot":"hat","display_name":"a classic baseball cap with a curved peak","current_status":"draft","production_enabled":false,"storage_path":"b6c76a59-b2c5-433c-84af-74024f7ad9a9/generated.glb","metadata":{"audit":{"review_notes":null,"last_modified_at":"2026-05-08","last_modified_by":"generation-pipeline:b6c76a59-b2c5-433c-84af-74024f7ad9a9"},"visual":{"accent_color":null,"primary_color":null,"secondary_color":null,"silhouette_type":"hat","thumbnail_priority":5},"identity":{"slot":"hat","status":"draft","version":"1.0","asset_id":"hat_gen_b6c76a59","created_at":"2026-05-08","created_by":"generation-pipeline:b6c76a59-b2c5-433c-84af-74024f7ad9a9","approved_at":null,"approved_by":null,"display_name":"a classic baseball cap with a curved peak"},"technical":{"rig_required":false,"export_format":"glb","polycount_max":10000,"texture_format":"png","attachment_bone":"attach_head","attachment_type":"parented","file_size_kb_max":1024,"polycount_actual":1,"texture_embedded":false,"texture_resolution":"256x256","file_size_kb_actual":1},"deployment":{"release_group":"v1","rollout_stage":"none","production_enabled":false},"validation":{"qa_approved":false,"clipping_test_passed":false,"copyright_review_passed":false,"browser_validation_passed":false,"school_safe_review_passed":false,"thumbnail_readability_passed":false},"classification":{"rarity":"standard","school_safe":false,"whitelist_approved":false,"moderation_required":true},"schema_version":"1.0","forbidden_reference_check":{"nike":false,"adidas":false,"disney":false,"jordan":false,"marvel":false,"roblox":false,"fortnite":false,"minecraft":false,"star_wars":false,"nazi_symbols":false,"political_symbols":false}},"created_by":"generation-pipeline:b6c76a59-b2c5-433c-84af-74024f7ad9a9","created_at":"2026-05-08T14:27:45.474+00:00","last_modified_by":"generation-pipeline:b6c76a59-b2c5-433c-84af-74024f7ad9a9","last_modified_at":"2026-05-08T14:27:45.474+00:00"},"validation_run":{"id":"c8977ae3-b5d5-47ff-b651-74f193a2eef3","asset_id":"hat_gen_b6c76a59","run_at":"2026-05-08T14:27:45.621704+00:00","triggered_by":"generation-pipeline:b6c76a59-b2c5-433c-84af-74024f7ad9a9","payload":{"audit":{"review_notes":null,"last_modified_at":"2026-05-08","last_modified_by":"generation-pipeline:b6c76a59-b2c5-433c-84af-74024f7ad9a9"},"visual":{"accent_color":null,"primary_color":null,"secondary_color":null,"silhouette_type":"hat","thumbnail_priority":5},"identity":{"slot":"hat","status":"draft","version":"1.0","asset_id":"hat_gen_b6c76a59","created_at":"2026-05-08","created_by":"generation-pipeline:b6c76a59-b2c5-433c-84af-74024f7ad9a9","approved_at":null,"approved_by":null,"display_name":"a classic baseball cap with a curved peak"},"technical":{"rig_required":false,"export_format":"glb","polycount_max":10000,"texture_format":"png","attachment_bone":"attach_head","attachment_type":"parented","file_size_kb_max":1024,"polycount_actual":1,"texture_embedded":false,"texture_resolution":"256x256","file_size_kb_actual":1},"deployment":{"release_group":"v1","rollout_stage":"none","production_enabled":false},"validation":{"qa_approved":false,"clipping_test_passed":false,"copyright_review_passed":false,"browser_validation_passed":false,"school_safe_review_passed":false,"thumbnail_readability_passed":false},"classification":{"rarity":"standard","school_safe":false,"whitelist_approved":false,"moderation_required":true},"schema_version":"1.0","forbidden_reference_check":{"nike":false,"adidas":false,"disney":false,"jordan":false,"marvel":false,"roblox":false,"fortnite":false,"minecraft":false,"star_wars":false,"nazi_symbols":false,"political_symbols":false}},"response":{"valid":true,"errors":[],"asset_id":"hat_gen_b6c76a59","warnings":[{"field":"technical.polycount_actual","actual":"1","message":"polycount_actual is at or below 50% of polycount_max — asset may be under-detailed for its declared budget","rule_id":"RULE-NUM-005","expected":"> 5000 (50% of polycount_max 10000)","severity":"WARNING"}],"manual_review_flags":[]},"valid":true,"error_count":0,"warning_count":1,"manual_review_count":0},"validation_errors":[],"validation_warnings":[{"rule_id":"RULE-NUM-005","severity":"WARNING","field":"technical.polycount_actual","message":"polycount_actual is at or below 50% of polycount_max — asset may be under-detailed for its declared budget","expected":"> 5000 (50% of polycount_max 10000)","actual":"1"}],"validation_manual_review_flags":[],"review_items_created":0,"open_review_items":[]} b6c76a59-b2c5-433c-84af-74024f7ad9a9
[PIPELINE] stage 7 — checking onboardingResult.success b6c76a59-b2c5-433c-84af-74024f7ad9a9
[PIPELINE] stage 7 — success branch entered, success: true b6c76a59-b2c5-433c-84af-74024f7ad9a9
[PIPELINE] stage 7 — assigning onboardingValidationRunId b6c76a59-b2c5-433c-84af-74024f7ad9a9
[PIPELINE] stage 7 — onboardingValidationRunId assigned: c8977ae3-b5d5-47ff-b651-74f193a2eef3 b6c76a59-b2c5-433c-84af-74024f7ad9a9
[PIPELINE] stage 7 — calling logEvent passed b6c76a59-b2c5-433c-84af-74024f7ad9a9
[PIPELINE] stage 7 done — callOnboardingSubmit accepted, validationRunId: c8977ae3-b5d5-47ff-b651-74f193a2eef3 b6c76a59-b2c5-433c-84af-74024f7ad9a9
[PIPELINE] stage 8 start — uploadFileBytes GLB production b6c76a59-b2c5-433c-84af-74024f7ad9a9 hat_gen_b6c76a59.glb
[PIPELINE] stage 8 done — uploadFileBytes GLB production b6c76a59-b2c5-433c-84af-74024f7ad9a9
[PIPELINE] stage 8 start — uploadFileBytes thumbnail production b6c76a59-b2c5-433c-84af-74024f7ad9a9 hat_gen_b6c76a59.png
[PIPELINE] stage 8 done — uploadFileBytes thumbnail production b6c76a59-b2c5-433c-84af-74024f7ad9a9
[PIPELINE] stage 8 start — completeGenerationJob b6c76a59-b2c5-433c-84af-74024f7ad9a9 hat_gen_b6c76a59 validationRunId: c8977ae3-b5d5-47ff-b651-74f193a2eef3
[DB] completion affected rows: 1
[PIPELINE] stage 8 done — completeGenerationJob b6c76a59-b2c5-433c-84af-74024f7ad9a9
[worker] pending job found: fffd723b-677e-4937-95a7-5c4af0b0575d
[worker] claimGenerationJob result: claimed
[worker] calling runGenerationPipeline fffd723b-677e-4937-95a7-5c4af0b0575d
[PIPELINE] start fffd723b-677e-4937-95a7-5c4af0b0575d
[PIPELINE] stage 1 done — job claimed by worker fffd723b-677e-4937-95a7-5c4af0b0575d
[PIPELINE] calling runStages fffd723b-677e-4937-95a7-5c4af0b0575d
[PIPELINE] runStages start fffd723b-677e-4937-95a7-5c4af0b0575d targetAssetId: hat_gen_fffd723b
[PIPELINE] stage 2 start — calling avatar_assets ownership query fffd723b-677e-4937-95a7-5c4af0b0575d
[PIPELINE] stage 2 done fffd723b-677e-4937-95a7-5c4af0b0575d
[PIPELINE] stage 3 — generating GLB + PNG bytes fffd723b-677e-4937-95a7-5c4af0b0575d
[PIPELINE] stage 3 — bytes generated, GLB: 48 thumb: 67
[PIPELINE] stage 3 — calling uploadFileBytes GLB staging fffd723b-677e-4937-95a7-5c4af0b0575d fffd723b-677e-4937-95a7-5c4af0b0575d/generated.glb
[PIPELINE] stage 3 — calling uploadFileBytes thumbnail staging fffd723b-677e-4937-95a7-5c4af0b0575d fffd723b-677e-4937-95a7-5c4af0b0575d/thumbnail.png
[PIPELINE] stage 3 — calling setGeneratedFiles fffd723b-677e-4937-95a7-5c4af0b0575d
[DB] setGeneratedFiles calling RPC fffd723b-677e-4937-95a7-5c4af0b0575d { previousVersion: 0, claimedAt: "2026-05-08T14:27:46.576628+00:00" }
[PIPELINE] stage 3 done fffd723b-677e-4937-95a7-5c4af0b0575d
[PIPELINE] stage 4 start — calling checkCopyright fffd723b-677e-4937-95a7-5c4af0b0575d
[PIPELINE] stage 4 — calling setCopyrightReview, verdict: clear fffd723b-677e-4937-95a7-5c4af0b0575d
[DB] query created fffd723b-677e-4937-95a7-5c4af0b0575d
[DB] query resolved fffd723b-677e-4937-95a7-5c4af0b0575d
[DB] parsed result fffd723b-677e-4937-95a7-5c4af0b0575d HAS DATA NO ERROR
[PIPELINE] stage 4 — setCopyrightReview returned, updatedJob: set fffd723b-677e-4937-95a7-5c4af0b0575d
[PIPELINE] stage 4 done — setCopyrightReview CAS passed, result: clear fffd723b-677e-4937-95a7-5c4af0b0575d
[PIPELINE] stage 5 done — copyright gate passed, proceeding to stages 6-8 fffd723b-677e-4937-95a7-5c4af0b0575d
[PIPELINE] stage 5 — SKIP_ONBOARDING: false fffd723b-677e-4937-95a7-5c4af0b0575d
[PIPELINE] stage 6 start — production re-check fffd723b-677e-4937-95a7-5c4af0b0575d
[PIPELINE] stage 6 start — supabase.from(avatar_assets).select(production_enabled) fffd723b-677e-4937-95a7-5c4af0b0575d hat_gen_fffd723b
[PIPELINE] stage 6 — production recheck returned, recheckError: none recheckAsset: null fffd723b-677e-4937-95a7-5c4af0b0575d
[PIPELINE] stage 6 done — production recheck passed fffd723b-677e-4937-95a7-5c4af0b0575d
[PIPELINE] stage 7 start — buildOnboardingMetadata fffd723b-677e-4937-95a7-5c4af0b0575d
[PIPELINE] stage 7 — buildOnboardingMetadata done, glbStagingStoragePath: fffd723b-677e-4937-95a7-5c4af0b0575d/generated.glb fffd723b-677e-4937-95a7-5c4af0b0575d
[PIPELINE] stage 7 — calling onboardingSubmit fffd723b-677e-4937-95a7-5c4af0b0575d triggeredBy: generation-pipeline:fffd723b-677e-4937-95a7-5c4af0b0575d glbStagingStoragePath: fffd723b-677e-4937-95a7-5c4af0b0575d/generated.glb onboardingMetadata: {"schema_version":"1.0","identity":{"asset_id":"hat_gen_fffd723b","slot":"hat","display_name":"a tall wizard hat with silver star patterns","version":"1.0","status":"draft","created_by":"generation-pipeline:fffd723b-677e-4937-95a7-5c4af0b0575d","created_at":"2026-05-08","approved_by":null,"approved_at":null},"classification":{"rarity":"standard","school_safe":false,"moderation_required":true,"whitelist_approved":false},"visual":{"primary_color":null,"secondary_color":null,"accent_color":null,"silhouette_type":"hat","thumbnail_priority":5},"technical":{"polycount_max":10000,"polycount_actual":1,"texture_resolution":"256x256","texture_format":"png","texture_embedded":false,"export_format":"glb","file_size_kb_max":1024,"file_size_kb_actual":1,"attachment_type":"parented","attachment_bone":"attach_head","rig_required":false},"validation":{"copyright_review_passed":false,"school_safe_review_passed":false,"thumbnail_readability_passed":false,"clipping_test_passed":false,"browser_validation_passed":false,"qa_approved":false},"forbidden_reference_check":{"fortnite":false,"roblox":false,"minecraft":false,"nike":false,"adidas":false,"jordan":false,"marvel":false,"disney":false,"star_wars":false,"political_symbols":false,"nazi_symbols":false},"deployment":{"production_enabled":false,"release_group":"v1","rollout_stage":"none"},"audit":{"last_modified_by":"generation-pipeline:fffd723b-677e-4937-95a7-5c4af0b0575d","last_modified_at":"2026-05-08","review_notes":null}}
[PIPELINE] stage 7 — onboardingSubmit returned fffd723b-677e-4937-95a7-5c4af0b0575d
[PIPELINE] stage 7 — onboardingResult raw: {"success":true,"action":"submit","asset_id":"hat_gen_fffd723b","message":"Asset onboarded successfully — 1 warning(s) recorded","asset":{"asset_id":"hat_gen_fffd723b","slot":"hat","display_name":"a tall wizard hat with silver star patterns","current_status":"draft","production_enabled":false,"storage_path":"fffd723b-677e-4937-95a7-5c4af0b0575d/generated.glb","metadata":{"audit":{"review_notes":null,"last_modified_at":"2026-05-08","last_modified_by":"generation-pipeline:fffd723b-677e-4937-95a7-5c4af0b0575d"},"visual":{"accent_color":null,"primary_color":null,"secondary_color":null,"silhouette_type":"hat","thumbnail_priority":5},"identity":{"slot":"hat","status":"draft","version":"1.0","asset_id":"hat_gen_fffd723b","created_at":"2026-05-08","created_by":"generation-pipeline:fffd723b-677e-4937-95a7-5c4af0b0575d","approved_at":null,"approved_by":null,"display_name":"a tall wizard hat with silver star patterns"},"technical":{"rig_required":false,"export_format":"glb","polycount_max":10000,"texture_format":"png","attachment_bone":"attach_head","attachment_type":"parented","file_size_kb_max":1024,"polycount_actual":1,"texture_embedded":false,"texture_resolution":"256x256","file_size_kb_actual":1},"deployment":{"release_group":"v1","rollout_stage":"none","production_enabled":false},"validation":{"qa_approved":false,"clipping_test_passed":false,"copyright_review_passed":false,"browser_validation_passed":false,"school_safe_review_passed":false,"thumbnail_readability_passed":false},"classification":{"rarity":"standard","school_safe":false,"whitelist_approved":false,"moderation_required":true},"schema_version":"1.0","forbidden_reference_check":{"nike":false,"adidas":false,"disney":false,"jordan":false,"marvel":false,"roblox":false,"fortnite":false,"minecraft":false,"star_wars":false,"nazi_symbols":false,"political_symbols":false}},"created_by":"generation-pipeline:fffd723b-677e-4937-95a7-5c4af0b0575d","created_at":"2026-05-08T14:27:48.303+00:00","last_modified_by":"generation-pipeline:fffd723b-677e-4937-95a7-5c4af0b0575d","last_modified_at":"2026-05-08T14:27:48.303+00:00"},"validation_run":{"id":"ba7e5f22-aa79-4c26-97bd-0207d488fb1e","asset_id":"hat_gen_fffd723b","run_at":"2026-05-08T14:27:48.457491+00:00","triggered_by":"generation-pipeline:fffd723b-677e-4937-95a7-5c4af0b0575d","payload":{"audit":{"review_notes":null,"last_modified_at":"2026-05-08","last_modified_by":"generation-pipeline:fffd723b-677e-4937-95a7-5c4af0b0575d"},"visual":{"accent_color":null,"primary_color":null,"secondary_color":null,"silhouette_type":"hat","thumbnail_priority":5},"identity":{"slot":"hat","status":"draft","version":"1.0","asset_id":"hat_gen_fffd723b","created_at":"2026-05-08","created_by":"generation-pipeline:fffd723b-677e-4937-95a7-5c4af0b0575d","approved_at":null,"approved_by":null,"display_name":"a tall wizard hat with silver star patterns"},"technical":{"rig_required":false,"export_format":"glb","polycount_max":10000,"texture_format":"png","attachment_bone":"attach_head","attachment_type":"parented","file_size_kb_max":1024,"polycount_actual":1,"texture_embedded":false,"texture_resolution":"256x256","file_size_kb_actual":1},"deployment":{"release_group":"v1","rollout_stage":"none","production_enabled":false},"validation":{"qa_approved":false,"clipping_test_passed":false,"copyright_review_passed":false,"browser_validation_passed":false,"school_safe_review_passed":false,"thumbnail_readability_passed":false},"classification":{"rarity":"standard","school_safe":false,"whitelist_approved":false,"moderation_required":true},"schema_version":"1.0","forbidden_reference_check":{"nike":false,"adidas":false,"disney":false,"jordan":false,"marvel":false,"roblox":false,"fortnite":false,"minecraft":false,"star_wars":false,"nazi_symbols":false,"political_symbols":false}},"response":{"valid":true,"errors":[],"asset_id":"hat_gen_fffd723b","warnings":[{"field":"technical.polycount_actual","actual":"1","message":"polycount_actual is at or below 50% of polycount_max — asset may be under-detailed for its declared budget","rule_id":"RULE-NUM-005","expected":"> 5000 (50% of polycount_max 10000)","severity":"WARNING"}],"manual_review_flags":[]},"valid":true,"error_count":0,"warning_count":1,"manual_review_count":0},"validation_errors":[],"validation_warnings":[{"rule_id":"RULE-NUM-005","severity":"WARNING","field":"technical.polycount_actual","message":"polycount_actual is at or below 50% of polycount_max — asset may be under-detailed for its declared budget","expected":"> 5000 (50% of polycount_max 10000)","actual":"1"}],"validation_manual_review_flags":[],"review_items_created":0,"open_review_items":[]} fffd723b-677e-4937-95a7-5c4af0b0575d
[PIPELINE] stage 7 — checking onboardingResult.success fffd723b-677e-4937-95a7-5c4af0b0575d
[PIPELINE] stage 7 — success branch entered, success: true fffd723b-677e-4937-95a7-5c4af0b0575d
[PIPELINE] stage 7 — assigning onboardingValidationRunId fffd723b-677e-4937-95a7-5c4af0b0575d
[PIPELINE] stage 7 — onboardingValidationRunId assigned: ba7e5f22-aa79-4c26-97bd-0207d488fb1e fffd723b-677e-4937-95a7-5c4af0b0575d
[PIPELINE] stage 7 — calling logEvent passed fffd723b-677e-4937-95a7-5c4af0b0575d
[PIPELINE] stage 7 done — callOnboardingSubmit accepted, validationRunId: ba7e5f22-aa79-4c26-97bd-0207d488fb1e fffd723b-677e-4937-95a7-5c4af0b0575d
[PIPELINE] stage 8 start — uploadFileBytes GLB production fffd723b-677e-4937-95a7-5c4af0b0575d hat_gen_fffd723b.glb
[PIPELINE] stage 8 done — uploadFileBytes GLB production fffd723b-677e-4937-95a7-5c4af0b0575d
[PIPELINE] stage 8 start — uploadFileBytes thumbnail production fffd723b-677e-4937-95a7-5c4af0b0575d hat_gen_fffd723b.png
[PIPELINE] stage 8 done — uploadFileBytes thumbnail production fffd723b-677e-4937-95a7-5c4af0b0575d
[PIPELINE] stage 8 start — completeGenerationJob fffd723b-677e-4937-95a7-5c4af0b0575d hat_gen_fffd723b validationRunId: ba7e5f22-aa79-4c26-97bd-0207d488fb1e
[DB] completion affected rows: 1
[PIPELINE] stage 8 done — completeGenerationJob fffd723b-677e-4937-95a7-5c4af0b0575d
[worker] pending job found: b044b375-9bd6-4a7e-843f-98967b66918e
[worker] claimGenerationJob result: claimed
[worker] calling runGenerationPipeline b044b375-9bd6-4a7e-843f-98967b66918e
[PIPELINE] start b044b375-9bd6-4a7e-843f-98967b66918e
[PIPELINE] stage 1 done — job claimed by worker b044b375-9bd6-4a7e-843f-98967b66918e
[PIPELINE] calling runStages b044b375-9bd6-4a7e-843f-98967b66918e
[PIPELINE] runStages start b044b375-9bd6-4a7e-843f-98967b66918e targetAssetId: hat_gen_b044b375
[PIPELINE] stage 2 start — calling avatar_assets ownership query b044b375-9bd6-4a7e-843f-98967b66918e
[PIPELINE] stage 2 done b044b375-9bd6-4a7e-843f-98967b66918e
[PIPELINE] stage 3 — generating GLB + PNG bytes b044b375-9bd6-4a7e-843f-98967b66918e
[PIPELINE] stage 3 — bytes generated, GLB: 48 thumb: 67
[PIPELINE] stage 3 — calling uploadFileBytes GLB staging b044b375-9bd6-4a7e-843f-98967b66918e b044b375-9bd6-4a7e-843f-98967b66918e/generated.glb
[PIPELINE] stage 3 — calling uploadFileBytes thumbnail staging b044b375-9bd6-4a7e-843f-98967b66918e b044b375-9bd6-4a7e-843f-98967b66918e/thumbnail.png
[PIPELINE] stage 3 — calling setGeneratedFiles b044b375-9bd6-4a7e-843f-98967b66918e
[DB] setGeneratedFiles calling RPC b044b375-9bd6-4a7e-843f-98967b66918e { previousVersion: 0, claimedAt: "2026-05-08T14:27:49.501902+00:00" }
[PIPELINE] stage 3 done b044b375-9bd6-4a7e-843f-98967b66918e
[PIPELINE] stage 4 start — calling checkCopyright b044b375-9bd6-4a7e-843f-98967b66918e
[PIPELINE] stage 4 — calling setCopyrightReview, verdict: clear b044b375-9bd6-4a7e-843f-98967b66918e
[DB] query created b044b375-9bd6-4a7e-843f-98967b66918e
[DB] query resolved b044b375-9bd6-4a7e-843f-98967b66918e
[DB] parsed result b044b375-9bd6-4a7e-843f-98967b66918e HAS DATA NO ERROR
[PIPELINE] stage 4 — setCopyrightReview returned, updatedJob: set b044b375-9bd6-4a7e-843f-98967b66918e
[PIPELINE] stage 4 done — setCopyrightReview CAS passed, result: clear b044b375-9bd6-4a7e-843f-98967b66918e
[PIPELINE] stage 5 done — copyright gate passed, proceeding to stages 6-8 b044b375-9bd6-4a7e-843f-98967b66918e
[PIPELINE] stage 5 — SKIP_ONBOARDING: false b044b375-9bd6-4a7e-843f-98967b66918e
[PIPELINE] stage 6 start — production re-check b044b375-9bd6-4a7e-843f-98967b66918e
[PIPELINE] stage 6 start — supabase.from(avatar_assets).select(production_enabled) b044b375-9bd6-4a7e-843f-98967b66918e hat_gen_b044b375
[PIPELINE] stage 6 — production recheck returned, recheckError: none recheckAsset: null b044b375-9bd6-4a7e-843f-98967b66918e
[PIPELINE] stage 6 done — production recheck passed b044b375-9bd6-4a7e-843f-98967b66918e
[PIPELINE] stage 7 start — buildOnboardingMetadata b044b375-9bd6-4a7e-843f-98967b66918e
[PIPELINE] stage 7 — buildOnboardingMetadata done, glbStagingStoragePath: b044b375-9bd6-4a7e-843f-98967b66918e/generated.glb b044b375-9bd6-4a7e-843f-98967b66918e
[PIPELINE] stage 7 — calling onboardingSubmit b044b375-9bd6-4a7e-843f-98967b66918e triggeredBy: generation-pipeline:b044b375-9bd6-4a7e-843f-98967b66918e glbStagingStoragePath: b044b375-9bd6-4a7e-843f-98967b66918e/generated.glb onboardingMetadata: {"schema_version":"1.0","identity":{"asset_id":"hat_gen_b044b375","slot":"hat","display_name":"a soft wool beanie in a solid color","version":"1.0","status":"draft","created_by":"generation-pipeline:b044b375-9bd6-4a7e-843f-98967b66918e","created_at":"2026-05-08","approved_by":null,"approved_at":null},"classification":{"rarity":"standard","school_safe":false,"moderation_required":true,"whitelist_approved":false},"visual":{"primary_color":null,"secondary_color":null,"accent_color":null,"silhouette_type":"hat","thumbnail_priority":5},"technical":{"polycount_max":10000,"polycount_actual":1,"texture_resolution":"256x256","texture_format":"png","texture_embedded":false,"export_format":"glb","file_size_kb_max":1024,"file_size_kb_actual":1,"attachment_type":"parented","attachment_bone":"attach_head","rig_required":false},"validation":{"copyright_review_passed":false,"school_safe_review_passed":false,"thumbnail_readability_passed":false,"clipping_test_passed":false,"browser_validation_passed":false,"qa_approved":false},"forbidden_reference_check":{"fortnite":false,"roblox":false,"minecraft":false,"nike":false,"adidas":false,"jordan":false,"marvel":false,"disney":false,"star_wars":false,"political_symbols":false,"nazi_symbols":false},"deployment":{"production_enabled":false,"release_group":"v1","rollout_stage":"none"},"audit":{"last_modified_by":"generation-pipeline:b044b375-9bd6-4a7e-843f-98967b66918e","last_modified_at":"2026-05-08","review_notes":null}}
[PIPELINE] stage 7 — onboardingSubmit returned b044b375-9bd6-4a7e-843f-98967b66918e
[PIPELINE] stage 7 — onboardingResult raw: {"success":true,"action":"submit","asset_id":"hat_gen_b044b375","message":"Asset onboarded successfully — 1 warning(s) recorded","asset":{"asset_id":"hat_gen_b044b375","slot":"hat","display_name":"a soft wool beanie in a solid color","current_status":"draft","production_enabled":false,"storage_path":"b044b375-9bd6-4a7e-843f-98967b66918e/generated.glb","metadata":{"audit":{"review_notes":null,"last_modified_at":"2026-05-08","last_modified_by":"generation-pipeline:b044b375-9bd6-4a7e-843f-98967b66918e"},"visual":{"accent_color":null,"primary_color":null,"secondary_color":null,"silhouette_type":"hat","thumbnail_priority":5},"identity":{"slot":"hat","status":"draft","version":"1.0","asset_id":"hat_gen_b044b375","created_at":"2026-05-08","created_by":"generation-pipeline:b044b375-9bd6-4a7e-843f-98967b66918e","approved_at":null,"approved_by":null,"display_name":"a soft wool beanie in a solid color"},"technical":{"rig_required":false,"export_format":"glb","polycount_max":10000,"texture_format":"png","attachment_bone":"attach_head","attachment_type":"parented","file_size_kb_max":1024,"polycount_actual":1,"texture_embedded":false,"texture_resolution":"256x256","file_size_kb_actual":1},"deployment":{"release_group":"v1","rollout_stage":"none","production_enabled":false},"validation":{"qa_approved":false,"clipping_test_passed":false,"copyright_review_passed":false,"browser_validation_passed":false,"school_safe_review_passed":false,"thumbnail_readability_passed":false},"classification":{"rarity":"standard","school_safe":false,"whitelist_approved":false,"moderation_required":true},"schema_version":"1.0","forbidden_reference_check":{"nike":false,"adidas":false,"disney":false,"jordan":false,"marvel":false,"roblox":false,"fortnite":false,"minecraft":false,"star_wars":false,"nazi_symbols":false,"political_symbols":false}},"created_by":"generation-pipeline:b044b375-9bd6-4a7e-843f-98967b66918e","created_at":"2026-05-08T14:27:51.25+00:00","last_modified_by":"generation-pipeline:b044b375-9bd6-4a7e-843f-98967b66918e","last_modified_at":"2026-05-08T14:27:51.25+00:00"},"validation_run":{"id":"0f044c5e-0245-47da-9215-b997a74d6ed3","asset_id":"hat_gen_b044b375","run_at":"2026-05-08T14:27:51.340281+00:00","triggered_by":"generation-pipeline:b044b375-9bd6-4a7e-843f-98967b66918e","payload":{"audit":{"review_notes":null,"last_modified_at":"2026-05-08","last_modified_by":"generation-pipeline:b044b375-9bd6-4a7e-843f-98967b66918e"},"visual":{"accent_color":null,"primary_color":null,"secondary_color":null,"silhouette_type":"hat","thumbnail_priority":5},"identity":{"slot":"hat","status":"draft","version":"1.0","asset_id":"hat_gen_b044b375","created_at":"2026-05-08","created_by":"generation-pipeline:b044b375-9bd6-4a7e-843f-98967b66918e","approved_at":null,"approved_by":null,"display_name":"a soft wool beanie in a solid color"},"technical":{"rig_required":false,"export_format":"glb","polycount_max":10000,"texture_format":"png","attachment_bone":"attach_head","attachment_type":"parented","file_size_kb_max":1024,"polycount_actual":1,"texture_embedded":false,"texture_resolution":"256x256","file_size_kb_actual":1},"deployment":{"release_group":"v1","rollout_stage":"none","production_enabled":false},"validation":{"qa_approved":false,"clipping_test_passed":false,"copyright_review_passed":false,"browser_validation_passed":false,"school_safe_review_passed":false,"thumbnail_readability_passed":false},"classification":{"rarity":"standard","school_safe":false,"whitelist_approved":false,"moderation_required":true},"schema_version":"1.0","forbidden_reference_check":{"nike":false,"adidas":false,"disney":false,"jordan":false,"marvel":false,"roblox":false,"fortnite":false,"minecraft":false,"star_wars":false,"nazi_symbols":false,"political_symbols":false}},"response":{"valid":true,"errors":[],"asset_id":"hat_gen_b044b375","warnings":[{"field":"technical.polycount_actual","actual":"1","message":"polycount_actual is at or below 50% of polycount_max — asset may be under-detailed for its declared budget","rule_id":"RULE-NUM-005","expected":"> 5000 (50% of polycount_max 10000)","severity":"WARNING"}],"manual_review_flags":[]},"valid":true,"error_count":0,"warning_count":1,"manual_review_count":0},"validation_errors":[],"validation_warnings":[{"rule_id":"RULE-NUM-005","severity":"WARNING","field":"technical.polycount_actual","message":"polycount_actual is at or below 50% of polycount_max — asset may be under-detailed for its declared budget","expected":"> 5000 (50% of polycount_max 10000)","actual":"1"}],"validation_manual_review_flags":[],"review_items_created":0,"open_review_items":[]} b044b375-9bd6-4a7e-843f-98967b66918e
[PIPELINE] stage 7 — checking onboardingResult.success b044b375-9bd6-4a7e-843f-98967b66918e
[PIPELINE] stage 7 — success branch entered, success: true b044b375-9bd6-4a7e-843f-98967b66918e
[PIPELINE] stage 7 — assigning onboardingValidationRunId b044b375-9bd6-4a7e-843f-98967b66918e
[PIPELINE] stage 7 — onboardingValidationRunId assigned: 0f044c5e-0245-47da-9215-b997a74d6ed3 b044b375-9bd6-4a7e-843f-98967b66918e
[PIPELINE] stage 7 — calling logEvent passed b044b375-9bd6-4a7e-843f-98967b66918e
[PIPELINE] stage 7 done — callOnboardingSubmit accepted, validationRunId: 0f044c5e-0245-47da-9215-b997a74d6ed3 b044b375-9bd6-4a7e-843f-98967b66918e
[PIPELINE] stage 8 start — uploadFileBytes GLB production b044b375-9bd6-4a7e-843f-98967b66918e hat_gen_b044b375.glb
[PIPELINE] stage 8 done — uploadFileBytes GLB production b044b375-9bd6-4a7e-843f-98967b66918e
[PIPELINE] stage 8 start — uploadFileBytes thumbnail production b044b375-9bd6-4a7e-843f-98967b66918e hat_gen_b044b375.png
[PIPELINE] stage 8 done — uploadFileBytes thumbnail production b044b375-9bd6-4a7e-843f-98967b66918e
[PIPELINE] stage 8 start — completeGenerationJob b044b375-9bd6-4a7e-843f-98967b66918e hat_gen_b044b375 validationRunId: 0f044c5e-0245-47da-9215-b997a74d6ed3
[DB] completion affected rows: 1
[PIPELINE] stage 8 done — completeGenerationJob b044b375-9bd6-4a7e-843f-98967b66918e
[worker] pending job found: 6aeda30f-09bc-4b56-8f07-452b850e2ae0
[worker] claimGenerationJob result: claimed
[worker] calling runGenerationPipeline 6aeda30f-09bc-4b56-8f07-452b850e2ae0
[PIPELINE] start 6aeda30f-09bc-4b56-8f07-452b850e2ae0
[PIPELINE] stage 1 done — job claimed by worker 6aeda30f-09bc-4b56-8f07-452b850e2ae0
[PIPELINE] calling runStages 6aeda30f-09bc-4b56-8f07-452b850e2ae0
[PIPELINE] runStages start 6aeda30f-09bc-4b56-8f07-452b850e2ae0 targetAssetId: hat_gen_6aeda30f
[PIPELINE] stage 2 start — calling avatar_assets ownership query 6aeda30f-09bc-4b56-8f07-452b850e2ae0
[PIPELINE] stage 2 done 6aeda30f-09bc-4b56-8f07-452b850e2ae0
[PIPELINE] stage 3 — generating GLB + PNG bytes 6aeda30f-09bc-4b56-8f07-452b850e2ae0
[PIPELINE] stage 3 — bytes generated, GLB: 48 thumb: 67
[PIPELINE] stage 3 — calling uploadFileBytes GLB staging 6aeda30f-09bc-4b56-8f07-452b850e2ae0 6aeda30f-09bc-4b56-8f07-452b850e2ae0/generated.glb
[PIPELINE] stage 3 — calling uploadFileBytes thumbnail staging 6aeda30f-09bc-4b56-8f07-452b850e2ae0 6aeda30f-09bc-4b56-8f07-452b850e2ae0/thumbnail.png
[PIPELINE] stage 3 — calling setGeneratedFiles 6aeda30f-09bc-4b56-8f07-452b850e2ae0
[DB] setGeneratedFiles calling RPC 6aeda30f-09bc-4b56-8f07-452b850e2ae0 { previousVersion: 0, claimedAt: "2026-05-08T14:27:52.246483+00:00" }
[PIPELINE] stage 3 done 6aeda30f-09bc-4b56-8f07-452b850e2ae0
[PIPELINE] stage 4 start — calling checkCopyright 6aeda30f-09bc-4b56-8f07-452b850e2ae0
[PIPELINE] stage 4 — calling setCopyrightReview, verdict: clear 6aeda30f-09bc-4b56-8f07-452b850e2ae0
[DB] query created 6aeda30f-09bc-4b56-8f07-452b850e2ae0
[DB] query resolved 6aeda30f-09bc-4b56-8f07-452b850e2ae0
[DB] parsed result 6aeda30f-09bc-4b56-8f07-452b850e2ae0 HAS DATA NO ERROR
[PIPELINE] stage 4 — setCopyrightReview returned, updatedJob: set 6aeda30f-09bc-4b56-8f07-452b850e2ae0
[PIPELINE] stage 4 done — setCopyrightReview CAS passed, result: clear 6aeda30f-09bc-4b56-8f07-452b850e2ae0
[PIPELINE] stage 5 done — copyright gate passed, proceeding to stages 6-8 6aeda30f-09bc-4b56-8f07-452b850e2ae0
[PIPELINE] stage 5 — SKIP_ONBOARDING: false 6aeda30f-09bc-4b56-8f07-452b850e2ae0
[PIPELINE] stage 6 start — production re-check 6aeda30f-09bc-4b56-8f07-452b850e2ae0
[PIPELINE] stage 6 start — supabase.from(avatar_assets).select(production_enabled) 6aeda30f-09bc-4b56-8f07-452b850e2ae0 hat_gen_6aeda30f
[PIPELINE] stage 6 — production recheck returned, recheckError: none recheckAsset: null 6aeda30f-09bc-4b56-8f07-452b850e2ae0
[PIPELINE] stage 6 done — production recheck passed 6aeda30f-09bc-4b56-8f07-452b850e2ae0
[PIPELINE] stage 7 start — buildOnboardingMetadata 6aeda30f-09bc-4b56-8f07-452b850e2ae0
[PIPELINE] stage 7 — buildOnboardingMetadata done, glbStagingStoragePath: 6aeda30f-09bc-4b56-8f07-452b850e2ae0/generated.glb 6aeda30f-09bc-4b56-8f07-452b850e2ae0
[PIPELINE] stage 7 — calling onboardingSubmit 6aeda30f-09bc-4b56-8f07-452b850e2ae0 triggeredBy: generation-pipeline:6aeda30f-09bc-4b56-8f07-452b850e2ae0 glbStagingStoragePath: 6aeda30f-09bc-4b56-8f07-452b850e2ae0/generated.glb onboardingMetadata: {"schema_version":"1.0","identity":{"asset_id":"hat_gen_6aeda30f","slot":"hat","display_name":"a pirate tricorn hat with a golden buckle","version":"1.0","status":"draft","created_by":"generation-pipeline:6aeda30f-09bc-4b56-8f07-452b850e2ae0","created_at":"2026-05-08","approved_by":null,"approved_at":null},"classification":{"rarity":"standard","school_safe":false,"moderation_required":true,"whitelist_approved":false},"visual":{"primary_color":null,"secondary_color":null,"accent_color":null,"silhouette_type":"hat","thumbnail_priority":5},"technical":{"polycount_max":10000,"polycount_actual":1,"texture_resolution":"256x256","texture_format":"png","texture_embedded":false,"export_format":"glb","file_size_kb_max":1024,"file_size_kb_actual":1,"attachment_type":"parented","attachment_bone":"attach_head","rig_required":false},"validation":{"copyright_review_passed":false,"school_safe_review_passed":false,"thumbnail_readability_passed":false,"clipping_test_passed":false,"browser_validation_passed":false,"qa_approved":false},"forbidden_reference_check":{"fortnite":false,"roblox":false,"minecraft":false,"nike":false,"adidas":false,"jordan":false,"marvel":false,"disney":false,"star_wars":false,"political_symbols":false,"nazi_symbols":false},"deployment":{"production_enabled":false,"release_group":"v1","rollout_stage":"none"},"audit":{"last_modified_by":"generation-pipeline:6aeda30f-09bc-4b56-8f07-452b850e2ae0","last_modified_at":"2026-05-08","review_notes":null}}
[PIPELINE] stage 7 — onboardingSubmit returned 6aeda30f-09bc-4b56-8f07-452b850e2ae0
[PIPELINE] stage 7 — onboardingResult raw: {"success":true,"action":"submit","asset_id":"hat_gen_6aeda30f","message":"Asset onboarded successfully — 1 warning(s) recorded","asset":{"asset_id":"hat_gen_6aeda30f","slot":"hat","display_name":"a pirate tricorn hat with a golden buckle","current_status":"draft","production_enabled":false,"storage_path":"6aeda30f-09bc-4b56-8f07-452b850e2ae0/generated.glb","metadata":{"audit":{"review_notes":null,"last_modified_at":"2026-05-08","last_modified_by":"generation-pipeline:6aeda30f-09bc-4b56-8f07-452b850e2ae0"},"visual":{"accent_color":null,"primary_color":null,"secondary_color":null,"silhouette_type":"hat","thumbnail_priority":5},"identity":{"slot":"hat","status":"draft","version":"1.0","asset_id":"hat_gen_6aeda30f","created_at":"2026-05-08","created_by":"generation-pipeline:6aeda30f-09bc-4b56-8f07-452b850e2ae0","approved_at":null,"approved_by":null,"display_name":"a pirate tricorn hat with a golden buckle"},"technical":{"rig_required":false,"export_format":"glb","polycount_max":10000,"texture_format":"png","attachment_bone":"attach_head","attachment_type":"parented","file_size_kb_max":1024,"polycount_actual":1,"texture_embedded":false,"texture_resolution":"256x256","file_size_kb_actual":1},"deployment":{"release_group":"v1","rollout_stage":"none","production_enabled":false},"validation":{"qa_approved":false,"clipping_test_passed":false,"copyright_review_passed":false,"browser_validation_passed":false,"school_safe_review_passed":false,"thumbnail_readability_passed":false},"classification":{"rarity":"standard","school_safe":false,"whitelist_approved":false,"moderation_required":true},"schema_version":"1.0","forbidden_reference_check":{"nike":false,"adidas":false,"disney":false,"jordan":false,"marvel":false,"roblox":false,"fortnite":false,"minecraft":false,"star_wars":false,"nazi_symbols":false,"political_symbols":false}},"created_by":"generation-pipeline:6aeda30f-09bc-4b56-8f07-452b850e2ae0","created_at":"2026-05-08T14:27:54.14+00:00","last_modified_by":"generation-pipeline:6aeda30f-09bc-4b56-8f07-452b850e2ae0","last_modified_at":"2026-05-08T14:27:54.14+00:00"},"validation_run":{"id":"8648887d-39a1-4dce-80e9-43cc52acae9c","asset_id":"hat_gen_6aeda30f","run_at":"2026-05-08T14:27:54.228307+00:00","triggered_by":"generation-pipeline:6aeda30f-09bc-4b56-8f07-452b850e2ae0","payload":{"audit":{"review_notes":null,"last_modified_at":"2026-05-08","last_modified_by":"generation-pipeline:6aeda30f-09bc-4b56-8f07-452b850e2ae0"},"visual":{"accent_color":null,"primary_color":null,"secondary_color":null,"silhouette_type":"hat","thumbnail_priority":5},"identity":{"slot":"hat","status":"draft","version":"1.0","asset_id":"hat_gen_6aeda30f","created_at":"2026-05-08","created_by":"generation-pipeline:6aeda30f-09bc-4b56-8f07-452b850e2ae0","approved_at":null,"approved_by":null,"display_name":"a pirate tricorn hat with a golden buckle"},"technical":{"rig_required":false,"export_format":"glb","polycount_max":10000,"texture_format":"png","attachment_bone":"attach_head","attachment_type":"parented","file_size_kb_max":1024,"polycount_actual":1,"texture_embedded":false,"texture_resolution":"256x256","file_size_kb_actual":1},"deployment":{"release_group":"v1","rollout_stage":"none","production_enabled":false},"validation":{"qa_approved":false,"clipping_test_passed":false,"copyright_review_passed":false,"browser_validation_passed":false,"school_safe_review_passed":false,"thumbnail_readability_passed":false},"classification":{"rarity":"standard","school_safe":false,"whitelist_approved":false,"moderation_required":true},"schema_version":"1.0","forbidden_reference_check":{"nike":false,"adidas":false,"disney":false,"jordan":false,"marvel":false,"roblox":false,"fortnite":false,"minecraft":false,"star_wars":false,"nazi_symbols":false,"political_symbols":false}},"response":{"valid":true,"errors":[],"asset_id":"hat_gen_6aeda30f","warnings":[{"field":"technical.polycount_actual","actual":"1","message":"polycount_actual is at or below 50% of polycount_max — asset may be under-detailed for its declared budget","rule_id":"RULE-NUM-005","expected":"> 5000 (50% of polycount_max 10000)","severity":"WARNING"}],"manual_review_flags":[]},"valid":true,"error_count":0,"warning_count":1,"manual_review_count":0},"validation_errors":[],"validation_warnings":[{"rule_id":"RULE-NUM-005","severity":"WARNING","field":"technical.polycount_actual","message":"polycount_actual is at or below 50% of polycount_max — asset may be under-detailed for its declared budget","expected":"> 5000 (50% of polycount_max 10000)","actual":"1"}],"validation_manual_review_flags":[],"review_items_created":0,"open_review_items":[]} 6aeda30f-09bc-4b56-8f07-452b850e2ae0
[PIPELINE] stage 7 — checking onboardingResult.success 6aeda30f-09bc-4b56-8f07-452b850e2ae0
[PIPELINE] stage 7 — success branch entered, success: true 6aeda30f-09bc-4b56-8f07-452b850e2ae0
[PIPELINE] stage 7 — assigning onboardingValidationRunId 6aeda30f-09bc-4b56-8f07-452b850e2ae0
[PIPELINE] stage 7 — onboardingValidationRunId assigned: 8648887d-39a1-4dce-80e9-43cc52acae9c 6aeda30f-09bc-4b56-8f07-452b850e2ae0
[PIPELINE] stage 7 — calling logEvent passed 6aeda30f-09bc-4b56-8f07-452b850e2ae0
[PIPELINE] stage 7 done — callOnboardingSubmit accepted, validationRunId: 8648887d-39a1-4dce-80e9-43cc52acae9c 6aeda30f-09bc-4b56-8f07-452b850e2ae0
[PIPELINE] stage 8 start — uploadFileBytes GLB production 6aeda30f-09bc-4b56-8f07-452b850e2ae0 hat_gen_6aeda30f.glb
[PIPELINE] stage 8 done — uploadFileBytes GLB production 6aeda30f-09bc-4b56-8f07-452b850e2ae0
[PIPELINE] stage 8 start — uploadFileBytes thumbnail production 6aeda30f-09bc-4b56-8f07-452b850e2ae0 hat_gen_6aeda30f.png
[PIPELINE] stage 8 done — uploadFileBytes thumbnail production 6aeda30f-09bc-4b56-8f07-452b850e2ae0
[PIPELINE] stage 8 start — completeGenerationJob 6aeda30f-09bc-4b56-8f07-452b850e2ae0 hat_gen_6aeda30f validationRunId: 8648887d-39a1-4dce-80e9-43cc52acae9c
[DB] completion affected rows: 1
[PIPELINE] stage 8 done — completeGenerationJob 6aeda30f-09bc-4b56-8f07-452b850e2ae0
[worker] pending job found: aa02b046-6366-4e58-9b32-09b2f42e3dfa
[worker] claimGenerationJob result: claimed
[worker] calling runGenerationPipeline aa02b046-6366-4e58-9b32-09b2f42e3dfa
[PIPELINE] start aa02b046-6366-4e58-9b32-09b2f42e3dfa
[PIPELINE] stage 1 done — job claimed by worker aa02b046-6366-4e58-9b32-09b2f42e3dfa
[PIPELINE] calling runStages aa02b046-6366-4e58-9b32-09b2f42e3dfa
[PIPELINE] runStages start aa02b046-6366-4e58-9b32-09b2f42e3dfa targetAssetId: hat_gen_aa02b046
[PIPELINE] stage 2 start — calling avatar_assets ownership query aa02b046-6366-4e58-9b32-09b2f42e3dfa
[PIPELINE] stage 2 done aa02b046-6366-4e58-9b32-09b2f42e3dfa
[PIPELINE] stage 3 — generating GLB + PNG bytes aa02b046-6366-4e58-9b32-09b2f42e3dfa
[PIPELINE] stage 3 — bytes generated, GLB: 48 thumb: 67
[PIPELINE] stage 3 — calling uploadFileBytes GLB staging aa02b046-6366-4e58-9b32-09b2f42e3dfa aa02b046-6366-4e58-9b32-09b2f42e3dfa/generated.glb
[PIPELINE] stage 3 — calling uploadFileBytes thumbnail staging aa02b046-6366-4e58-9b32-09b2f42e3dfa aa02b046-6366-4e58-9b32-09b2f42e3dfa/thumbnail.png
[PIPELINE] stage 3 — calling setGeneratedFiles aa02b046-6366-4e58-9b32-09b2f42e3dfa
[DB] setGeneratedFiles calling RPC aa02b046-6366-4e58-9b32-09b2f42e3dfa { previousVersion: 0, claimedAt: "2026-05-08T14:27:55.376155+00:00" }
[PIPELINE] stage 3 done aa02b046-6366-4e58-9b32-09b2f42e3dfa
[PIPELINE] stage 4 start — calling checkCopyright aa02b046-6366-4e58-9b32-09b2f42e3dfa
[PIPELINE] stage 4 — calling setCopyrightReview, verdict: clear aa02b046-6366-4e58-9b32-09b2f42e3dfa
[DB] query created aa02b046-6366-4e58-9b32-09b2f42e3dfa
[DB] query resolved aa02b046-6366-4e58-9b32-09b2f42e3dfa
[DB] parsed result aa02b046-6366-4e58-9b32-09b2f42e3dfa HAS DATA NO ERROR
[PIPELINE] stage 4 — setCopyrightReview returned, updatedJob: set aa02b046-6366-4e58-9b32-09b2f42e3dfa
[PIPELINE] stage 4 done — setCopyrightReview CAS passed, result: clear aa02b046-6366-4e58-9b32-09b2f42e3dfa
[PIPELINE] stage 5 done — copyright gate passed, proceeding to stages 6-8 aa02b046-6366-4e58-9b32-09b2f42e3dfa
[PIPELINE] stage 5 — SKIP_ONBOARDING: false aa02b046-6366-4e58-9b32-09b2f42e3dfa
[PIPELINE] stage 6 start — production re-check aa02b046-6366-4e58-9b32-09b2f42e3dfa
[PIPELINE] stage 6 start — supabase.from(avatar_assets).select(production_enabled) aa02b046-6366-4e58-9b32-09b2f42e3dfa hat_gen_aa02b046
[PIPELINE] stage 6 — production recheck returned, recheckError: none recheckAsset: null aa02b046-6366-4e58-9b32-09b2f42e3dfa
[PIPELINE] stage 6 done — production recheck passed aa02b046-6366-4e58-9b32-09b2f42e3dfa
[PIPELINE] stage 7 start — buildOnboardingMetadata aa02b046-6366-4e58-9b32-09b2f42e3dfa
[PIPELINE] stage 7 — buildOnboardingMetadata done, glbStagingStoragePath: aa02b046-6366-4e58-9b32-09b2f42e3dfa/generated.glb aa02b046-6366-4e58-9b32-09b2f42e3dfa
[PIPELINE] stage 7 — calling onboardingSubmit aa02b046-6366-4e58-9b32-09b2f42e3dfa triggeredBy: generation-pipeline:aa02b046-6366-4e58-9b32-09b2f42e3dfa glbStagingStoragePath: aa02b046-6366-4e58-9b32-09b2f42e3dfa/generated.glb onboardingMetadata: {"schema_version":"1.0","identity":{"asset_id":"hat_gen_aa02b046","slot":"hat","display_name":"a cowboy hat with a wide flat brim","version":"1.0","status":"draft","created_by":"generation-pipeline:aa02b046-6366-4e58-9b32-09b2f42e3dfa","created_at":"2026-05-08","approved_by":null,"approved_at":null},"classification":{"rarity":"standard","school_safe":false,"moderation_required":true,"whitelist_approved":false},"visual":{"primary_color":null,"secondary_color":null,"accent_color":null,"silhouette_type":"hat","thumbnail_priority":5},"technical":{"polycount_max":10000,"polycount_actual":1,"texture_resolution":"256x256","texture_format":"png","texture_embedded":false,"export_format":"glb","file_size_kb_max":1024,"file_size_kb_actual":1,"attachment_type":"parented","attachment_bone":"attach_head","rig_required":false},"validation":{"copyright_review_passed":false,"school_safe_review_passed":false,"thumbnail_readability_passed":false,"clipping_test_passed":false,"browser_validation_passed":false,"qa_approved":false},"forbidden_reference_check":{"fortnite":false,"roblox":false,"minecraft":false,"nike":false,"adidas":false,"jordan":false,"marvel":false,"disney":false,"star_wars":false,"political_symbols":false,"nazi_symbols":false},"deployment":{"production_enabled":false,"release_group":"v1","rollout_stage":"none"},"audit":{"last_modified_by":"generation-pipeline:aa02b046-6366-4e58-9b32-09b2f42e3dfa","last_modified_at":"2026-05-08","review_notes":null}}
[PIPELINE] stage 7 — onboardingSubmit returned aa02b046-6366-4e58-9b32-09b2f42e3dfa
[PIPELINE] stage 7 — onboardingResult raw: {"success":true,"action":"submit","asset_id":"hat_gen_aa02b046","message":"Asset onboarded successfully — 1 warning(s) recorded","asset":{"asset_id":"hat_gen_aa02b046","slot":"hat","display_name":"a cowboy hat with a wide flat brim","current_status":"draft","production_enabled":false,"storage_path":"aa02b046-6366-4e58-9b32-09b2f42e3dfa/generated.glb","metadata":{"audit":{"review_notes":null,"last_modified_at":"2026-05-08","last_modified_by":"generation-pipeline:aa02b046-6366-4e58-9b32-09b2f42e3dfa"},"visual":{"accent_color":null,"primary_color":null,"secondary_color":null,"silhouette_type":"hat","thumbnail_priority":5},"identity":{"slot":"hat","status":"draft","version":"1.0","asset_id":"hat_gen_aa02b046","created_at":"2026-05-08","created_by":"generation-pipeline:aa02b046-6366-4e58-9b32-09b2f42e3dfa","approved_at":null,"approved_by":null,"display_name":"a cowboy hat with a wide flat brim"},"technical":{"rig_required":false,"export_format":"glb","polycount_max":10000,"texture_format":"png","attachment_bone":"attach_head","attachment_type":"parented","file_size_kb_max":1024,"polycount_actual":1,"texture_embedded":false,"texture_resolution":"256x256","file_size_kb_actual":1},"deployment":{"release_group":"v1","rollout_stage":"none","production_enabled":false},"validation":{"qa_approved":false,"clipping_test_passed":false,"copyright_review_passed":false,"browser_validation_passed":false,"school_safe_review_passed":false,"thumbnail_readability_passed":false},"classification":{"rarity":"standard","school_safe":false,"whitelist_approved":false,"moderation_required":true},"schema_version":"1.0","forbidden_reference_check":{"nike":false,"adidas":false,"disney":false,"jordan":false,"marvel":false,"roblox":false,"fortnite":false,"minecraft":false,"star_wars":false,"nazi_symbols":false,"political_symbols":false}},"created_by":"generation-pipeline:aa02b046-6366-4e58-9b32-09b2f42e3dfa","created_at":"2026-05-08T14:27:57.083+00:00","last_modified_by":"generation-pipeline:aa02b046-6366-4e58-9b32-09b2f42e3dfa","last_modified_at":"2026-05-08T14:27:57.083+00:00"},"validation_run":{"id":"2070f8f5-9829-4d83-89a2-94a98738032a","asset_id":"hat_gen_aa02b046","run_at":"2026-05-08T14:27:57.195089+00:00","triggered_by":"generation-pipeline:aa02b046-6366-4e58-9b32-09b2f42e3dfa","payload":{"audit":{"review_notes":null,"last_modified_at":"2026-05-08","last_modified_by":"generation-pipeline:aa02b046-6366-4e58-9b32-09b2f42e3dfa"},"visual":{"accent_color":null,"primary_color":null,"secondary_color":null,"silhouette_type":"hat","thumbnail_priority":5},"identity":{"slot":"hat","status":"draft","version":"1.0","asset_id":"hat_gen_aa02b046","created_at":"2026-05-08","created_by":"generation-pipeline:aa02b046-6366-4e58-9b32-09b2f42e3dfa","approved_at":null,"approved_by":null,"display_name":"a cowboy hat with a wide flat brim"},"technical":{"rig_required":false,"export_format":"glb","polycount_max":10000,"texture_format":"png","attachment_bone":"attach_head","attachment_type":"parented","file_size_kb_max":1024,"polycount_actual":1,"texture_embedded":false,"texture_resolution":"256x256","file_size_kb_actual":1},"deployment":{"release_group":"v1","rollout_stage":"none","production_enabled":false},"validation":{"qa_approved":false,"clipping_test_passed":false,"copyright_review_passed":false,"browser_validation_passed":false,"school_safe_review_passed":false,"thumbnail_readability_passed":false},"classification":{"rarity":"standard","school_safe":false,"whitelist_approved":false,"moderation_required":true},"schema_version":"1.0","forbidden_reference_check":{"nike":false,"adidas":false,"disney":false,"jordan":false,"marvel":false,"roblox":false,"fortnite":false,"minecraft":false,"star_wars":false,"nazi_symbols":false,"political_symbols":false}},"response":{"valid":true,"errors":[],"asset_id":"hat_gen_aa02b046","warnings":[{"field":"technical.polycount_actual","actual":"1","message":"polycount_actual is at or below 50% of polycount_max — asset may be under-detailed for its declared budget","rule_id":"RULE-NUM-005","expected":"> 5000 (50% of polycount_max 10000)","severity":"WARNING"}],"manual_review_flags":[]},"valid":true,"error_count":0,"warning_count":1,"manual_review_count":0},"validation_errors":[],"validation_warnings":[{"rule_id":"RULE-NUM-005","severity":"WARNING","field":"technical.polycount_actual","message":"polycount_actual is at or below 50% of polycount_max — asset may be under-detailed for its declared budget","expected":"> 5000 (50% of polycount_max 10000)","actual":"1"}],"validation_manual_review_flags":[],"review_items_created":0,"open_review_items":[]} aa02b046-6366-4e58-9b32-09b2f42e3dfa
[PIPELINE] stage 7 — checking onboardingResult.success aa02b046-6366-4e58-9b32-09b2f42e3dfa
[PIPELINE] stage 7 — success branch entered, success: true aa02b046-6366-4e58-9b32-09b2f42e3dfa
[PIPELINE] stage 7 — assigning onboardingValidationRunId aa02b046-6366-4e58-9b32-09b2f42e3dfa
[PIPELINE] stage 7 — onboardingValidationRunId assigned: 2070f8f5-9829-4d83-89a2-94a98738032a aa02b046-6366-4e58-9b32-09b2f42e3dfa
[PIPELINE] stage 7 — calling logEvent passed aa02b046-6366-4e58-9b32-09b2f42e3dfa
[PIPELINE] stage 7 done — callOnboardingSubmit accepted, validationRunId: 2070f8f5-9829-4d83-89a2-94a98738032a aa02b046-6366-4e58-9b32-09b2f42e3dfa
[PIPELINE] stage 8 start — uploadFileBytes GLB production aa02b046-6366-4e58-9b32-09b2f42e3dfa hat_gen_aa02b046.glb
[PIPELINE] stage 8 done — uploadFileBytes GLB production aa02b046-6366-4e58-9b32-09b2f42e3dfa
[PIPELINE] stage 8 start — uploadFileBytes thumbnail production aa02b046-6366-4e58-9b32-09b2f42e3dfa hat_gen_aa02b046.png
[PIPELINE] stage 8 done — uploadFileBytes thumbnail production aa02b046-6366-4e58-9b32-09b2f42e3dfa
[PIPELINE] stage 8 start — completeGenerationJob aa02b046-6366-4e58-9b32-09b2f42e3dfa hat_gen_aa02b046 validationRunId: 2070f8f5-9829-4d83-89a2-94a98738032a
[DB] completion affected rows: 1
[PIPELINE] stage 8 done — completeGenerationJob aa02b046-6366-4e58-9b32-09b2f42e3dfa
[worker] pending job found: 4423ae03-e61d-4385-bef9-2ea383e4d005
[worker] claimGenerationJob result: claimed
[worker] calling runGenerationPipeline 4423ae03-e61d-4385-bef9-2ea383e4d005
[PIPELINE] start 4423ae03-e61d-4385-bef9-2ea383e4d005
[PIPELINE] stage 1 done — job claimed by worker 4423ae03-e61d-4385-bef9-2ea383e4d005
[PIPELINE] calling runStages 4423ae03-e61d-4385-bef9-2ea383e4d005
[PIPELINE] runStages start 4423ae03-e61d-4385-bef9-2ea383e4d005 targetAssetId: hat_gen_4423ae03
[PIPELINE] stage 2 start — calling avatar_assets ownership query 4423ae03-e61d-4385-bef9-2ea383e4d005
[PIPELINE] stage 2 done 4423ae03-e61d-4385-bef9-2ea383e4d005
[PIPELINE] stage 3 — generating GLB + PNG bytes 4423ae03-e61d-4385-bef9-2ea383e4d005
[PIPELINE] stage 3 — bytes generated, GLB: 48 thumb: 67
[PIPELINE] stage 3 — calling uploadFileBytes GLB staging 4423ae03-e61d-4385-bef9-2ea383e4d005 4423ae03-e61d-4385-bef9-2ea383e4d005/generated.glb
[PIPELINE] stage 3 — calling uploadFileBytes thumbnail staging 4423ae03-e61d-4385-bef9-2ea383e4d005 4423ae03-e61d-4385-bef9-2ea383e4d005/thumbnail.png
[PIPELINE] stage 3 — calling setGeneratedFiles 4423ae03-e61d-4385-bef9-2ea383e4d005
[DB] setGeneratedFiles calling RPC 4423ae03-e61d-4385-bef9-2ea383e4d005 { previousVersion: 0, claimedAt: "2026-05-08T14:27:58.037291+00:00" }
[PIPELINE] stage 3 done 4423ae03-e61d-4385-bef9-2ea383e4d005
[PIPELINE] stage 4 start — calling checkCopyright 4423ae03-e61d-4385-bef9-2ea383e4d005
[PIPELINE] stage 4 — calling setCopyrightReview, verdict: clear 4423ae03-e61d-4385-bef9-2ea383e4d005
[DB] query created 4423ae03-e61d-4385-bef9-2ea383e4d005
[DB] query resolved 4423ae03-e61d-4385-bef9-2ea383e4d005
[DB] parsed result 4423ae03-e61d-4385-bef9-2ea383e4d005 HAS DATA NO ERROR
[PIPELINE] stage 4 — setCopyrightReview returned, updatedJob: set 4423ae03-e61d-4385-bef9-2ea383e4d005
[PIPELINE] stage 4 done — setCopyrightReview CAS passed, result: clear 4423ae03-e61d-4385-bef9-2ea383e4d005
[PIPELINE] stage 5 done — copyright gate passed, proceeding to stages 6-8 4423ae03-e61d-4385-bef9-2ea383e4d005
[PIPELINE] stage 5 — SKIP_ONBOARDING: false 4423ae03-e61d-4385-bef9-2ea383e4d005
[PIPELINE] stage 6 start — production re-check 4423ae03-e61d-4385-bef9-2ea383e4d005
[PIPELINE] stage 6 start — supabase.from(avatar_assets).select(production_enabled) 4423ae03-e61d-4385-bef9-2ea383e4d005 hat_gen_4423ae03
[PIPELINE] stage 6 — production recheck returned, recheckError: none recheckAsset: null 4423ae03-e61d-4385-bef9-2ea383e4d005
[PIPELINE] stage 6 done — production recheck passed 4423ae03-e61d-4385-bef9-2ea383e4d005
[PIPELINE] stage 7 start — buildOnboardingMetadata 4423ae03-e61d-4385-bef9-2ea383e4d005
[PIPELINE] stage 7 — buildOnboardingMetadata done, glbStagingStoragePath: 4423ae03-e61d-4385-bef9-2ea383e4d005/generated.glb 4423ae03-e61d-4385-bef9-2ea383e4d005
[PIPELINE] stage 7 — calling onboardingSubmit 4423ae03-e61d-4385-bef9-2ea383e4d005 triggeredBy: generation-pipeline:4423ae03-e61d-4385-bef9-2ea383e4d005 glbStagingStoragePath: 4423ae03-e61d-4385-bef9-2ea383e4d005/generated.glb onboardingMetadata: {"schema_version":"1.0","identity":{"asset_id":"hat_gen_4423ae03","slot":"hat","display_name":"a jester hat with bells on the tips","version":"1.0","status":"draft","created_by":"generation-pipeline:4423ae03-e61d-4385-bef9-2ea383e4d005","created_at":"2026-05-08","approved_by":null,"approved_at":null},"classification":{"rarity":"standard","school_safe":false,"moderation_required":true,"whitelist_approved":false},"visual":{"primary_color":null,"secondary_color":null,"accent_color":null,"silhouette_type":"hat","thumbnail_priority":5},"technical":{"polycount_max":10000,"polycount_actual":1,"texture_resolution":"256x256","texture_format":"png","texture_embedded":false,"export_format":"glb","file_size_kb_max":1024,"file_size_kb_actual":1,"attachment_type":"parented","attachment_bone":"attach_head","rig_required":false},"validation":{"copyright_review_passed":false,"school_safe_review_passed":false,"thumbnail_readability_passed":false,"clipping_test_passed":false,"browser_validation_passed":false,"qa_approved":false},"forbidden_reference_check":{"fortnite":false,"roblox":false,"minecraft":false,"nike":false,"adidas":false,"jordan":false,"marvel":false,"disney":false,"star_wars":false,"political_symbols":false,"nazi_symbols":false},"deployment":{"production_enabled":false,"release_group":"v1","rollout_stage":"none"},"audit":{"last_modified_by":"generation-pipeline:4423ae03-e61d-4385-bef9-2ea383e4d005","last_modified_at":"2026-05-08","review_notes":null}}
[PIPELINE] stage 7 — onboardingSubmit returned 4423ae03-e61d-4385-bef9-2ea383e4d005
[PIPELINE] stage 7 — onboardingResult raw: {"success":true,"action":"submit","asset_id":"hat_gen_4423ae03","message":"Asset onboarded successfully — 1 warning(s) recorded","asset":{"asset_id":"hat_gen_4423ae03","slot":"hat","display_name":"a jester hat with bells on the tips","current_status":"draft","production_enabled":false,"storage_path":"4423ae03-e61d-4385-bef9-2ea383e4d005/generated.glb","metadata":{"audit":{"review_notes":null,"last_modified_at":"2026-05-08","last_modified_by":"generation-pipeline:4423ae03-e61d-4385-bef9-2ea383e4d005"},"visual":{"accent_color":null,"primary_color":null,"secondary_color":null,"silhouette_type":"hat","thumbnail_priority":5},"identity":{"slot":"hat","status":"draft","version":"1.0","asset_id":"hat_gen_4423ae03","created_at":"2026-05-08","created_by":"generation-pipeline:4423ae03-e61d-4385-bef9-2ea383e4d005","approved_at":null,"approved_by":null,"display_name":"a jester hat with bells on the tips"},"technical":{"rig_required":false,"export_format":"glb","polycount_max":10000,"texture_format":"png","attachment_bone":"attach_head","attachment_type":"parented","file_size_kb_max":1024,"polycount_actual":1,"texture_embedded":false,"texture_resolution":"256x256","file_size_kb_actual":1},"deployment":{"release_group":"v1","rollout_stage":"none","production_enabled":false},"validation":{"qa_approved":false,"clipping_test_passed":false,"copyright_review_passed":false,"browser_validation_passed":false,"school_safe_review_passed":false,"thumbnail_readability_passed":false},"classification":{"rarity":"standard","school_safe":false,"whitelist_approved":false,"moderation_required":true},"schema_version":"1.0","forbidden_reference_check":{"nike":false,"adidas":false,"disney":false,"jordan":false,"marvel":false,"roblox":false,"fortnite":false,"minecraft":false,"star_wars":false,"nazi_symbols":false,"political_symbols":false}},"created_by":"generation-pipeline:4423ae03-e61d-4385-bef9-2ea383e4d005","created_at":"2026-05-08T14:28:00.008+00:00","last_modified_by":"generation-pipeline:4423ae03-e61d-4385-bef9-2ea383e4d005","last_modified_at":"2026-05-08T14:28:00.008+00:00"},"validation_run":{"id":"e1c720f3-75b9-4222-88fc-ad8a0877da8d","asset_id":"hat_gen_4423ae03","run_at":"2026-05-08T14:28:00.088369+00:00","triggered_by":"generation-pipeline:4423ae03-e61d-4385-bef9-2ea383e4d005","payload":{"audit":{"review_notes":null,"last_modified_at":"2026-05-08","last_modified_by":"generation-pipeline:4423ae03-e61d-4385-bef9-2ea383e4d005"},"visual":{"accent_color":null,"primary_color":null,"secondary_color":null,"silhouette_type":"hat","thumbnail_priority":5},"identity":{"slot":"hat","status":"draft","version":"1.0","asset_id":"hat_gen_4423ae03","created_at":"2026-05-08","created_by":"generation-pipeline:4423ae03-e61d-4385-bef9-2ea383e4d005","approved_at":null,"approved_by":null,"display_name":"a jester hat with bells on the tips"},"technical":{"rig_required":false,"export_format":"glb","polycount_max":10000,"texture_format":"png","attachment_bone":"attach_head","attachment_type":"parented","file_size_kb_max":1024,"polycount_actual":1,"texture_embedded":false,"texture_resolution":"256x256","file_size_kb_actual":1},"deployment":{"release_group":"v1","rollout_stage":"none","production_enabled":false},"validation":{"qa_approved":false,"clipping_test_passed":false,"copyright_review_passed":false,"browser_validation_passed":false,"school_safe_review_passed":false,"thumbnail_readability_passed":false},"classification":{"rarity":"standard","school_safe":false,"whitelist_approved":false,"moderation_required":true},"schema_version":"1.0","forbidden_reference_check":{"nike":false,"adidas":false,"disney":false,"jordan":false,"marvel":false,"roblox":false,"fortnite":false,"minecraft":false,"star_wars":false,"nazi_symbols":false,"political_symbols":false}},"response":{"valid":true,"errors":[],"asset_id":"hat_gen_4423ae03","warnings":[{"field":"technical.polycount_actual","actual":"1","message":"polycount_actual is at or below 50% of polycount_max — asset may be under-detailed for its declared budget","rule_id":"RULE-NUM-005","expected":"> 5000 (50% of polycount_max 10000)","severity":"WARNING"}],"manual_review_flags":[]},"valid":true,"error_count":0,"warning_count":1,"manual_review_count":0},"validation_errors":[],"validation_warnings":[{"rule_id":"RULE-NUM-005","severity":"WARNING","field":"technical.polycount_actual","message":"polycount_actual is at or below 50% of polycount_max — asset may be under-detailed for its declared budget","expected":"> 5000 (50% of polycount_max 10000)","actual":"1"}],"validation_manual_review_flags":[],"review_items_created":0,"open_review_items":[]} 4423ae03-e61d-4385-bef9-2ea383e4d005
[PIPELINE] stage 7 — checking onboardingResult.success 4423ae03-e61d-4385-bef9-2ea383e4d005
[PIPELINE] stage 7 — success branch entered, success: true 4423ae03-e61d-4385-bef9-2ea383e4d005
[PIPELINE] stage 7 — assigning onboardingValidationRunId 4423ae03-e61d-4385-bef9-2ea383e4d005
[PIPELINE] stage 7 — onboardingValidationRunId assigned: e1c720f3-75b9-4222-88fc-ad8a0877da8d 4423ae03-e61d-4385-bef9-2ea383e4d005
[PIPELINE] stage 7 — calling logEvent passed 4423ae03-e61d-4385-bef9-2ea383e4d005
[PIPELINE] stage 7 done — callOnboardingSubmit accepted, validationRunId: e1c720f3-75b9-4222-88fc-ad8a0877da8d 4423ae03-e61d-4385-bef9-2ea383e4d005
[PIPELINE] stage 8 start — uploadFileBytes GLB production 4423ae03-e61d-4385-bef9-2ea383e4d005 hat_gen_4423ae03.glb
[PIPELINE] stage 8 done — uploadFileBytes GLB production 4423ae03-e61d-4385-bef9-2ea383e4d005
[PIPELINE] stage 8 start — uploadFileBytes thumbnail production 4423ae03-e61d-4385-bef9-2ea383e4d005 hat_gen_4423ae03.png
[PIPELINE] stage 8 done — uploadFileBytes thumbnail production 4423ae03-e61d-4385-bef9-2ea383e4d005
[PIPELINE] stage 8 start — completeGenerationJob 4423ae03-e61d-4385-bef9-2ea383e4d005 hat_gen_4423ae03 validationRunId: e1c720f3-75b9-4222-88fc-ad8a0877da8d
[DB] completion affected rows: 1
[PIPELINE] stage 8 done — completeGenerationJob 4423ae03-e61d-4385-bef9-2ea383e4d005
[worker] pending job found: 8457f641-f816-44da-813e-b8577c1ed1b7
[worker] claimGenerationJob result: claimed
[worker] calling runGenerationPipeline 8457f641-f816-44da-813e-b8577c1ed1b7
[PIPELINE] start 8457f641-f816-44da-813e-b8577c1ed1b7
[PIPELINE] stage 1 done — job claimed by worker 8457f641-f816-44da-813e-b8577c1ed1b7
[PIPELINE] calling runStages 8457f641-f816-44da-813e-b8577c1ed1b7
[PIPELINE] runStages start 8457f641-f816-44da-813e-b8577c1ed1b7 targetAssetId: hat_gen_8457f641
[PIPELINE] stage 2 start — calling avatar_assets ownership query 8457f641-f816-44da-813e-b8577c1ed1b7
[PIPELINE] stage 2 done 8457f641-f816-44da-813e-b8577c1ed1b7
[PIPELINE] stage 3 — generating GLB + PNG bytes 8457f641-f816-44da-813e-b8577c1ed1b7
[PIPELINE] stage 3 — bytes generated, GLB: 48 thumb: 67
[PIPELINE] stage 3 — calling uploadFileBytes GLB staging 8457f641-f816-44da-813e-b8577c1ed1b7 8457f641-f816-44da-813e-b8577c1ed1b7/generated.glb
[PIPELINE] stage 3 — calling uploadFileBytes thumbnail staging 8457f641-f816-44da-813e-b8577c1ed1b7 8457f641-f816-44da-813e-b8577c1ed1b7/thumbnail.png
[PIPELINE] stage 3 — calling setGeneratedFiles 8457f641-f816-44da-813e-b8577c1ed1b7
[DB] setGeneratedFiles calling RPC 8457f641-f816-44da-813e-b8577c1ed1b7 { previousVersion: 0, claimedAt: "2026-05-08T14:28:01.323674+00:00" }
[PIPELINE] stage 3 done 8457f641-f816-44da-813e-b8577c1ed1b7
[PIPELINE] stage 4 start — calling checkCopyright 8457f641-f816-44da-813e-b8577c1ed1b7
[PIPELINE] stage 4 — calling setCopyrightReview, verdict: clear 8457f641-f816-44da-813e-b8577c1ed1b7
[DB] query created 8457f641-f816-44da-813e-b8577c1ed1b7
[DB] query resolved 8457f641-f816-44da-813e-b8577c1ed1b7
[DB] parsed result 8457f641-f816-44da-813e-b8577c1ed1b7 HAS DATA NO ERROR
[PIPELINE] stage 4 — setCopyrightReview returned, updatedJob: set 8457f641-f816-44da-813e-b8577c1ed1b7
[PIPELINE] stage 4 done — setCopyrightReview CAS passed, result: clear 8457f641-f816-44da-813e-b8577c1ed1b7
[PIPELINE] stage 5 done — copyright gate passed, proceeding to stages 6-8 8457f641-f816-44da-813e-b8577c1ed1b7
[PIPELINE] stage 5 — SKIP_ONBOARDING: false 8457f641-f816-44da-813e-b8577c1ed1b7
[PIPELINE] stage 6 start — production re-check 8457f641-f816-44da-813e-b8577c1ed1b7
[PIPELINE] stage 6 start — supabase.from(avatar_assets).select(production_enabled) 8457f641-f816-44da-813e-b8577c1ed1b7 hat_gen_8457f641
[PIPELINE] stage 6 — production recheck returned, recheckError: none recheckAsset: null 8457f641-f816-44da-813e-b8577c1ed1b7
[PIPELINE] stage 6 done — production recheck passed 8457f641-f816-44da-813e-b8577c1ed1b7
[PIPELINE] stage 7 start — buildOnboardingMetadata 8457f641-f816-44da-813e-b8577c1ed1b7
[PIPELINE] stage 7 — buildOnboardingMetadata done, glbStagingStoragePath: 8457f641-f816-44da-813e-b8577c1ed1b7/generated.glb 8457f641-f816-44da-813e-b8577c1ed1b7
[PIPELINE] stage 7 — calling onboardingSubmit 8457f641-f816-44da-813e-b8577c1ed1b7 triggeredBy: generation-pipeline:8457f641-f816-44da-813e-b8577c1ed1b7 glbStagingStoragePath: 8457f641-f816-44da-813e-b8577c1ed1b7/generated.glb onboardingMetadata: {"schema_version":"1.0","identity":{"asset_id":"hat_gen_8457f641","slot":"hat","display_name":"a detective fedora with a narrow brim","version":"1.0","status":"draft","created_by":"generation-pipeline:8457f641-f816-44da-813e-b8577c1ed1b7","created_at":"2026-05-08","approved_by":null,"approved_at":null},"classification":{"rarity":"standard","school_safe":false,"moderation_required":true,"whitelist_approved":false},"visual":{"primary_color":null,"secondary_color":null,"accent_color":null,"silhouette_type":"hat","thumbnail_priority":5},"technical":{"polycount_max":10000,"polycount_actual":1,"texture_resolution":"256x256","texture_format":"png","texture_embedded":false,"export_format":"glb","file_size_kb_max":1024,"file_size_kb_actual":1,"attachment_type":"parented","attachment_bone":"attach_head","rig_required":false},"validation":{"copyright_review_passed":false,"school_safe_review_passed":false,"thumbnail_readability_passed":false,"clipping_test_passed":false,"browser_validation_passed":false,"qa_approved":false},"forbidden_reference_check":{"fortnite":false,"roblox":false,"minecraft":false,"nike":false,"adidas":false,"jordan":false,"marvel":false,"disney":false,"star_wars":false,"political_symbols":false,"nazi_symbols":false},"deployment":{"production_enabled":false,"release_group":"v1","rollout_stage":"none"},"audit":{"last_modified_by":"generation-pipeline:8457f641-f816-44da-813e-b8577c1ed1b7","last_modified_at":"2026-05-08","review_notes":null}}
[PIPELINE] stage 7 — onboardingSubmit returned 8457f641-f816-44da-813e-b8577c1ed1b7
[PIPELINE] stage 7 — onboardingResult raw: {"success":true,"action":"submit","asset_id":"hat_gen_8457f641","message":"Asset onboarded successfully — 1 warning(s) recorded","asset":{"asset_id":"hat_gen_8457f641","slot":"hat","display_name":"a detective fedora with a narrow brim","current_status":"draft","production_enabled":false,"storage_path":"8457f641-f816-44da-813e-b8577c1ed1b7/generated.glb","metadata":{"audit":{"review_notes":null,"last_modified_at":"2026-05-08","last_modified_by":"generation-pipeline:8457f641-f816-44da-813e-b8577c1ed1b7"},"visual":{"accent_color":null,"primary_color":null,"secondary_color":null,"silhouette_type":"hat","thumbnail_priority":5},"identity":{"slot":"hat","status":"draft","version":"1.0","asset_id":"hat_gen_8457f641","created_at":"2026-05-08","created_by":"generation-pipeline:8457f641-f816-44da-813e-b8577c1ed1b7","approved_at":null,"approved_by":null,"display_name":"a detective fedora with a narrow brim"},"technical":{"rig_required":false,"export_format":"glb","polycount_max":10000,"texture_format":"png","attachment_bone":"attach_head","attachment_type":"parented","file_size_kb_max":1024,"polycount_actual":1,"texture_embedded":false,"texture_resolution":"256x256","file_size_kb_actual":1},"deployment":{"release_group":"v1","rollout_stage":"none","production_enabled":false},"validation":{"qa_approved":false,"clipping_test_passed":false,"copyright_review_passed":false,"browser_validation_passed":false,"school_safe_review_passed":false,"thumbnail_readability_passed":false},"classification":{"rarity":"standard","school_safe":false,"whitelist_approved":false,"moderation_required":true},"schema_version":"1.0","forbidden_reference_check":{"nike":false,"adidas":false,"disney":false,"jordan":false,"marvel":false,"roblox":false,"fortnite":false,"minecraft":false,"star_wars":false,"nazi_symbols":false,"political_symbols":false}},"created_by":"generation-pipeline:8457f641-f816-44da-813e-b8577c1ed1b7","created_at":"2026-05-08T14:28:03.322+00:00","last_modified_by":"generation-pipeline:8457f641-f816-44da-813e-b8577c1ed1b7","last_modified_at":"2026-05-08T14:28:03.322+00:00"},"validation_run":{"id":"f385c0f9-7bc6-4f03-b02b-3bf069836c89","asset_id":"hat_gen_8457f641","run_at":"2026-05-08T14:28:03.492193+00:00","triggered_by":"generation-pipeline:8457f641-f816-44da-813e-b8577c1ed1b7","payload":{"audit":{"review_notes":null,"last_modified_at":"2026-05-08","last_modified_by":"generation-pipeline:8457f641-f816-44da-813e-b8577c1ed1b7"},"visual":{"accent_color":null,"primary_color":null,"secondary_color":null,"silhouette_type":"hat","thumbnail_priority":5},"identity":{"slot":"hat","status":"draft","version":"1.0","asset_id":"hat_gen_8457f641","created_at":"2026-05-08","created_by":"generation-pipeline:8457f641-f816-44da-813e-b8577c1ed1b7","approved_at":null,"approved_by":null,"display_name":"a detective fedora with a narrow brim"},"technical":{"rig_required":false,"export_format":"glb","polycount_max":10000,"texture_format":"png","attachment_bone":"attach_head","attachment_type":"parented","file_size_kb_max":1024,"polycount_actual":1,"texture_embedded":false,"texture_resolution":"256x256","file_size_kb_actual":1},"deployment":{"release_group":"v1","rollout_stage":"none","production_enabled":false},"validation":{"qa_approved":false,"clipping_test_passed":false,"copyright_review_passed":false,"browser_validation_passed":false,"school_safe_review_passed":false,"thumbnail_readability_passed":false},"classification":{"rarity":"standard","school_safe":false,"whitelist_approved":false,"moderation_required":true},"schema_version":"1.0","forbidden_reference_check":{"nike":false,"adidas":false,"disney":false,"jordan":false,"marvel":false,"roblox":false,"fortnite":false,"minecraft":false,"star_wars":false,"nazi_symbols":false,"political_symbols":false}},"response":{"valid":true,"errors":[],"asset_id":"hat_gen_8457f641","warnings":[{"field":"technical.polycount_actual","actual":"1","message":"polycount_actual is at or below 50% of polycount_max — asset may be under-detailed for its declared budget","rule_id":"RULE-NUM-005","expected":"> 5000 (50% of polycount_max 10000)","severity":"WARNING"}],"manual_review_flags":[]},"valid":true,"error_count":0,"warning_count":1,"manual_review_count":0},"validation_errors":[],"validation_warnings":[{"rule_id":"RULE-NUM-005","severity":"WARNING","field":"technical.polycount_actual","message":"polycount_actual is at or below 50% of polycount_max — asset may be under-detailed for its declared budget","expected":"> 5000 (50% of polycount_max 10000)","actual":"1"}],"validation_manual_review_flags":[],"review_items_created":0,"open_review_items":[]} 8457f641-f816-44da-813e-b8577c1ed1b7
[PIPELINE] stage 7 — checking onboardingResult.success 8457f641-f816-44da-813e-b8577c1ed1b7
[PIPELINE] stage 7 — success branch entered, success: true 8457f641-f816-44da-813e-b8577c1ed1b7
[PIPELINE] stage 7 — assigning onboardingValidationRunId 8457f641-f816-44da-813e-b8577c1ed1b7
[PIPELINE] stage 7 — onboardingValidationRunId assigned: f385c0f9-7bc6-4f03-b02b-3bf069836c89 8457f641-f816-44da-813e-b8577c1ed1b7
[PIPELINE] stage 7 — calling logEvent passed 8457f641-f816-44da-813e-b8577c1ed1b7
[PIPELINE] stage 7 done — callOnboardingSubmit accepted, validationRunId: f385c0f9-7bc6-4f03-b02b-3bf069836c89 8457f641-f816-44da-813e-b8577c1ed1b7
[PIPELINE] stage 8 start — uploadFileBytes GLB production 8457f641-f816-44da-813e-b8577c1ed1b7 hat_gen_8457f641.glb
[PIPELINE] stage 8 done — uploadFileBytes GLB production 8457f641-f816-44da-813e-b8577c1ed1b7
[PIPELINE] stage 8 start — uploadFileBytes thumbnail production 8457f641-f816-44da-813e-b8577c1ed1b7 hat_gen_8457f641.png
[PIPELINE] stage 8 done — uploadFileBytes thumbnail production 8457f641-f816-44da-813e-b8577c1ed1b7
[PIPELINE] stage 8 start — completeGenerationJob 8457f641-f816-44da-813e-b8577c1ed1b7 hat_gen_8457f641 validationRunId: f385c0f9-7bc6-4f03-b02b-3bf069836c89
[DB] completion affected rows: 1
[PIPELINE] stage 8 done — completeGenerationJob 8457f641-f816-44da-813e-b8577c1ed1b7
[worker] pending job found: 310a24a8-5388-437e-b683-e601b3206535
[worker] claimGenerationJob result: claimed
[worker] calling runGenerationPipeline 310a24a8-5388-437e-b683-e601b3206535
[PIPELINE] start 310a24a8-5388-437e-b683-e601b3206535
[PIPELINE] stage 1 done — job claimed by worker 310a24a8-5388-437e-b683-e601b3206535
[PIPELINE] calling runStages 310a24a8-5388-437e-b683-e601b3206535
[PIPELINE] runStages start 310a24a8-5388-437e-b683-e601b3206535 targetAssetId: hat_gen_310a24a8
[PIPELINE] stage 2 start — calling avatar_assets ownership query 310a24a8-5388-437e-b683-e601b3206535
[PIPELINE] stage 2 done 310a24a8-5388-437e-b683-e601b3206535
[PIPELINE] stage 3 — generating GLB + PNG bytes 310a24a8-5388-437e-b683-e601b3206535
[PIPELINE] stage 3 — bytes generated, GLB: 48 thumb: 67
[PIPELINE] stage 3 — calling uploadFileBytes GLB staging 310a24a8-5388-437e-b683-e601b3206535 310a24a8-5388-437e-b683-e601b3206535/generated.glb
[PIPELINE] stage 3 — calling uploadFileBytes thumbnail staging 310a24a8-5388-437e-b683-e601b3206535 310a24a8-5388-437e-b683-e601b3206535/thumbnail.png
[PIPELINE] stage 3 — calling setGeneratedFiles 310a24a8-5388-437e-b683-e601b3206535
[DB] setGeneratedFiles calling RPC 310a24a8-5388-437e-b683-e601b3206535 { previousVersion: 0, claimedAt: "2026-05-08T14:28:04.807015+00:00" }
[PIPELINE] stage 3 done 310a24a8-5388-437e-b683-e601b3206535
[PIPELINE] stage 4 start — calling checkCopyright 310a24a8-5388-437e-b683-e601b3206535
[PIPELINE] stage 4 — calling setCopyrightReview, verdict: clear 310a24a8-5388-437e-b683-e601b3206535
[DB] query created 310a24a8-5388-437e-b683-e601b3206535
[DB] query resolved 310a24a8-5388-437e-b683-e601b3206535
[DB] parsed result 310a24a8-5388-437e-b683-e601b3206535 HAS DATA NO ERROR
[PIPELINE] stage 4 — setCopyrightReview returned, updatedJob: set 310a24a8-5388-437e-b683-e601b3206535
[PIPELINE] stage 4 done — setCopyrightReview CAS passed, result: clear 310a24a8-5388-437e-b683-e601b3206535
[PIPELINE] stage 5 done — copyright gate passed, proceeding to stages 6-8 310a24a8-5388-437e-b683-e601b3206535
[PIPELINE] stage 5 — SKIP_ONBOARDING: false 310a24a8-5388-437e-b683-e601b3206535
[PIPELINE] stage 6 start — production re-check 310a24a8-5388-437e-b683-e601b3206535
[PIPELINE] stage 6 start — supabase.from(avatar_assets).select(production_enabled) 310a24a8-5388-437e-b683-e601b3206535 hat_gen_310a24a8
[PIPELINE] stage 6 — production recheck returned, recheckError: none recheckAsset: null 310a24a8-5388-437e-b683-e601b3206535
[PIPELINE] stage 6 done — production recheck passed 310a24a8-5388-437e-b683-e601b3206535
[PIPELINE] stage 7 start — buildOnboardingMetadata 310a24a8-5388-437e-b683-e601b3206535
[PIPELINE] stage 7 — buildOnboardingMetadata done, glbStagingStoragePath: 310a24a8-5388-437e-b683-e601b3206535/generated.glb 310a24a8-5388-437e-b683-e601b3206535
[PIPELINE] stage 7 — calling onboardingSubmit 310a24a8-5388-437e-b683-e601b3206535 triggeredBy: generation-pipeline:310a24a8-5388-437e-b683-e601b3206535 glbStagingStoragePath: 310a24a8-5388-437e-b683-e601b3206535/generated.glb onboardingMetadata: {"schema_version":"1.0","identity":{"asset_id":"hat_gen_310a24a8","slot":"hat","display_name":"a paper crown with jagged golden edges","version":"1.0","status":"draft","created_by":"generation-pipeline:310a24a8-5388-437e-b683-e601b3206535","created_at":"2026-05-08","approved_by":null,"approved_at":null},"classification":{"rarity":"standard","school_safe":false,"moderation_required":true,"whitelist_approved":false},"visual":{"primary_color":null,"secondary_color":null,"accent_color":null,"silhouette_type":"hat","thumbnail_priority":5},"technical":{"polycount_max":10000,"polycount_actual":1,"texture_resolution":"256x256","texture_format":"png","texture_embedded":false,"export_format":"glb","file_size_kb_max":1024,"file_size_kb_actual":1,"attachment_type":"parented","attachment_bone":"attach_head","rig_required":false},"validation":{"copyright_review_passed":false,"school_safe_review_passed":false,"thumbnail_readability_passed":false,"clipping_test_passed":false,"browser_validation_passed":false,"qa_approved":false},"forbidden_reference_check":{"fortnite":false,"roblox":false,"minecraft":false,"nike":false,"adidas":false,"jordan":false,"marvel":false,"disney":false,"star_wars":false,"political_symbols":false,"nazi_symbols":false},"deployment":{"production_enabled":false,"release_group":"v1","rollout_stage":"none"},"audit":{"last_modified_by":"generation-pipeline:310a24a8-5388-437e-b683-e601b3206535","last_modified_at":"2026-05-08","review_notes":null}}
[PIPELINE] stage 7 — onboardingSubmit returned 310a24a8-5388-437e-b683-e601b3206535
[PIPELINE] stage 7 — onboardingResult raw: {"success":true,"action":"submit","asset_id":"hat_gen_310a24a8","message":"Asset onboarded successfully — 1 warning(s) recorded","asset":{"asset_id":"hat_gen_310a24a8","slot":"hat","display_name":"a paper crown with jagged golden edges","current_status":"draft","production_enabled":false,"storage_path":"310a24a8-5388-437e-b683-e601b3206535/generated.glb","metadata":{"audit":{"review_notes":null,"last_modified_at":"2026-05-08","last_modified_by":"generation-pipeline:310a24a8-5388-437e-b683-e601b3206535"},"visual":{"accent_color":null,"primary_color":null,"secondary_color":null,"silhouette_type":"hat","thumbnail_priority":5},"identity":{"slot":"hat","status":"draft","version":"1.0","asset_id":"hat_gen_310a24a8","created_at":"2026-05-08","created_by":"generation-pipeline:310a24a8-5388-437e-b683-e601b3206535","approved_at":null,"approved_by":null,"display_name":"a paper crown with jagged golden edges"},"technical":{"rig_required":false,"export_format":"glb","polycount_max":10000,"texture_format":"png","attachment_bone":"attach_head","attachment_type":"parented","file_size_kb_max":1024,"polycount_actual":1,"texture_embedded":false,"texture_resolution":"256x256","file_size_kb_actual":1},"deployment":{"release_group":"v1","rollout_stage":"none","production_enabled":false},"validation":{"qa_approved":false,"clipping_test_passed":false,"copyright_review_passed":false,"browser_validation_passed":false,"school_safe_review_passed":false,"thumbnail_readability_passed":false},"classification":{"rarity":"standard","school_safe":false,"whitelist_approved":false,"moderation_required":true},"schema_version":"1.0","forbidden_reference_check":{"nike":false,"adidas":false,"disney":false,"jordan":false,"marvel":false,"roblox":false,"fortnite":false,"minecraft":false,"star_wars":false,"nazi_symbols":false,"political_symbols":false}},"created_by":"generation-pipeline:310a24a8-5388-437e-b683-e601b3206535","created_at":"2026-05-08T14:28:06.607+00:00","last_modified_by":"generation-pipeline:310a24a8-5388-437e-b683-e601b3206535","last_modified_at":"2026-05-08T14:28:06.607+00:00"},"validation_run":{"id":"adc9f092-70ff-4a45-b1a0-0d0eec61f04e","asset_id":"hat_gen_310a24a8","run_at":"2026-05-08T14:28:06.699322+00:00","triggered_by":"generation-pipeline:310a24a8-5388-437e-b683-e601b3206535","payload":{"audit":{"review_notes":null,"last_modified_at":"2026-05-08","last_modified_by":"generation-pipeline:310a24a8-5388-437e-b683-e601b3206535"},"visual":{"accent_color":null,"primary_color":null,"secondary_color":null,"silhouette_type":"hat","thumbnail_priority":5},"identity":{"slot":"hat","status":"draft","version":"1.0","asset_id":"hat_gen_310a24a8","created_at":"2026-05-08","created_by":"generation-pipeline:310a24a8-5388-437e-b683-e601b3206535","approved_at":null,"approved_by":null,"display_name":"a paper crown with jagged golden edges"},"technical":{"rig_required":false,"export_format":"glb","polycount_max":10000,"texture_format":"png","attachment_bone":"attach_head","attachment_type":"parented","file_size_kb_max":1024,"polycount_actual":1,"texture_embedded":false,"texture_resolution":"256x256","file_size_kb_actual":1},"deployment":{"release_group":"v1","rollout_stage":"none","production_enabled":false},"validation":{"qa_approved":false,"clipping_test_passed":false,"copyright_review_passed":false,"browser_validation_passed":false,"school_safe_review_passed":false,"thumbnail_readability_passed":false},"classification":{"rarity":"standard","school_safe":false,"whitelist_approved":false,"moderation_required":true},"schema_version":"1.0","forbidden_reference_check":{"nike":false,"adidas":false,"disney":false,"jordan":false,"marvel":false,"roblox":false,"fortnite":false,"minecraft":false,"star_wars":false,"nazi_symbols":false,"political_symbols":false}},"response":{"valid":true,"errors":[],"asset_id":"hat_gen_310a24a8","warnings":[{"field":"technical.polycount_actual","actual":"1","message":"polycount_actual is at or below 50% of polycount_max — asset may be under-detailed for its declared budget","rule_id":"RULE-NUM-005","expected":"> 5000 (50% of polycount_max 10000)","severity":"WARNING"}],"manual_review_flags":[]},"valid":true,"error_count":0,"warning_count":1,"manual_review_count":0},"validation_errors":[],"validation_warnings":[{"rule_id":"RULE-NUM-005","severity":"WARNING","field":"technical.polycount_actual","message":"polycount_actual is at or below 50% of polycount_max — asset may be under-detailed for its declared budget","expected":"> 5000 (50% of polycount_max 10000)","actual":"1"}],"validation_manual_review_flags":[],"review_items_created":0,"open_review_items":[]} 310a24a8-5388-437e-b683-e601b3206535
[PIPELINE] stage 7 — checking onboardingResult.success 310a24a8-5388-437e-b683-e601b3206535
[PIPELINE] stage 7 — success branch entered, success: true 310a24a8-5388-437e-b683-e601b3206535
[PIPELINE] stage 7 — assigning onboardingValidationRunId 310a24a8-5388-437e-b683-e601b3206535
[PIPELINE] stage 7 — onboardingValidationRunId assigned: adc9f092-70ff-4a45-b1a0-0d0eec61f04e 310a24a8-5388-437e-b683-e601b3206535
[PIPELINE] stage 7 — calling logEvent passed 310a24a8-5388-437e-b683-e601b3206535
[PIPELINE] stage 7 done — callOnboardingSubmit accepted, validationRunId: adc9f092-70ff-4a45-b1a0-0d0eec61f04e 310a24a8-5388-437e-b683-e601b3206535
[PIPELINE] stage 8 start — uploadFileBytes GLB production 310a24a8-5388-437e-b683-e601b3206535 hat_gen_310a24a8.glb
[PIPELINE] stage 8 done — uploadFileBytes GLB production 310a24a8-5388-437e-b683-e601b3206535
[PIPELINE] stage 8 start — uploadFileBytes thumbnail production 310a24a8-5388-437e-b683-e601b3206535 hat_gen_310a24a8.png
[PIPELINE] stage 8 done — uploadFileBytes thumbnail production 310a24a8-5388-437e-b683-e601b3206535
[PIPELINE] stage 8 start — completeGenerationJob 310a24a8-5388-437e-b683-e601b3206535 hat_gen_310a24a8 validationRunId: adc9f092-70ff-4a45-b1a0-0d0eec61f04e
[DB] completion affected rows: 1
[PIPELINE] stage 8 done — completeGenerationJob 310a24a8-5388-437e-b683-e601b3206535
[worker] pending job found: 85ec8a7c-fd31-4194-99e0-6450f028e1bc
[worker] claimGenerationJob result: claimed
[worker] calling runGenerationPipeline 85ec8a7c-fd31-4194-99e0-6450f028e1bc
[PIPELINE] start 85ec8a7c-fd31-4194-99e0-6450f028e1bc
[PIPELINE] stage 1 done — job claimed by worker 85ec8a7c-fd31-4194-99e0-6450f028e1bc
[PIPELINE] calling runStages 85ec8a7c-fd31-4194-99e0-6450f028e1bc
[PIPELINE] runStages start 85ec8a7c-fd31-4194-99e0-6450f028e1bc targetAssetId: hat_gen_85ec8a7c
[PIPELINE] stage 2 start — calling avatar_assets ownership query 85ec8a7c-fd31-4194-99e0-6450f028e1bc
[PIPELINE] stage 2 done 85ec8a7c-fd31-4194-99e0-6450f028e1bc
[PIPELINE] stage 3 — generating GLB + PNG bytes 85ec8a7c-fd31-4194-99e0-6450f028e1bc
[PIPELINE] stage 3 — bytes generated, GLB: 48 thumb: 67
[PIPELINE] stage 3 — calling uploadFileBytes GLB staging 85ec8a7c-fd31-4194-99e0-6450f028e1bc 85ec8a7c-fd31-4194-99e0-6450f028e1bc/generated.glb
[PIPELINE] stage 3 — calling uploadFileBytes thumbnail staging 85ec8a7c-fd31-4194-99e0-6450f028e1bc 85ec8a7c-fd31-4194-99e0-6450f028e1bc/thumbnail.png
[PIPELINE] stage 3 — calling setGeneratedFiles 85ec8a7c-fd31-4194-99e0-6450f028e1bc
[DB] setGeneratedFiles calling RPC 85ec8a7c-fd31-4194-99e0-6450f028e1bc { previousVersion: 0, claimedAt: "2026-05-08T14:28:07.514277+00:00" }
[PIPELINE] stage 3 done 85ec8a7c-fd31-4194-99e0-6450f028e1bc
[PIPELINE] stage 4 start — calling checkCopyright 85ec8a7c-fd31-4194-99e0-6450f028e1bc
[PIPELINE] stage 4 — calling setCopyrightReview, verdict: clear 85ec8a7c-fd31-4194-99e0-6450f028e1bc
[DB] query created 85ec8a7c-fd31-4194-99e0-6450f028e1bc
[DB] query resolved 85ec8a7c-fd31-4194-99e0-6450f028e1bc
[DB] parsed result 85ec8a7c-fd31-4194-99e0-6450f028e1bc HAS DATA NO ERROR
[PIPELINE] stage 4 — setCopyrightReview returned, updatedJob: set 85ec8a7c-fd31-4194-99e0-6450f028e1bc
[PIPELINE] stage 4 done — setCopyrightReview CAS passed, result: clear 85ec8a7c-fd31-4194-99e0-6450f028e1bc
[PIPELINE] stage 5 done — copyright gate passed, proceeding to stages 6-8 85ec8a7c-fd31-4194-99e0-6450f028e1bc
[PIPELINE] stage 5 — SKIP_ONBOARDING: false 85ec8a7c-fd31-4194-99e0-6450f028e1bc
[PIPELINE] stage 6 start — production re-check 85ec8a7c-fd31-4194-99e0-6450f028e1bc
[PIPELINE] stage 6 start — supabase.from(avatar_assets).select(production_enabled) 85ec8a7c-fd31-4194-99e0-6450f028e1bc hat_gen_85ec8a7c
[PIPELINE] stage 6 — production recheck returned, recheckError: none recheckAsset: null 85ec8a7c-fd31-4194-99e0-6450f028e1bc
[PIPELINE] stage 6 done — production recheck passed 85ec8a7c-fd31-4194-99e0-6450f028e1bc
[PIPELINE] stage 7 start — buildOnboardingMetadata 85ec8a7c-fd31-4194-99e0-6450f028e1bc
[PIPELINE] stage 7 — buildOnboardingMetadata done, glbStagingStoragePath: 85ec8a7c-fd31-4194-99e0-6450f028e1bc/generated.glb 85ec8a7c-fd31-4194-99e0-6450f028e1bc
[PIPELINE] stage 7 — calling onboardingSubmit 85ec8a7c-fd31-4194-99e0-6450f028e1bc triggeredBy: generation-pipeline:85ec8a7c-fd31-4194-99e0-6450f028e1bc glbStagingStoragePath: 85ec8a7c-fd31-4194-99e0-6450f028e1bc/generated.glb onboardingMetadata: {"schema_version":"1.0","identity":{"asset_id":"hat_gen_85ec8a7c","slot":"hat","display_name":"a safari pith helmet in khaki","version":"1.0","status":"draft","created_by":"generation-pipeline:85ec8a7c-fd31-4194-99e0-6450f028e1bc","created_at":"2026-05-08","approved_by":null,"approved_at":null},"classification":{"rarity":"standard","school_safe":false,"moderation_required":true,"whitelist_approved":false},"visual":{"primary_color":null,"secondary_color":null,"accent_color":null,"silhouette_type":"hat","thumbnail_priority":5},"technical":{"polycount_max":10000,"polycount_actual":1,"texture_resolution":"256x256","texture_format":"png","texture_embedded":false,"export_format":"glb","file_size_kb_max":1024,"file_size_kb_actual":1,"attachment_type":"parented","attachment_bone":"attach_head","rig_required":false},"validation":{"copyright_review_passed":false,"school_safe_review_passed":false,"thumbnail_readability_passed":false,"clipping_test_passed":false,"browser_validation_passed":false,"qa_approved":false},"forbidden_reference_check":{"fortnite":false,"roblox":false,"minecraft":false,"nike":false,"adidas":false,"jordan":false,"marvel":false,"disney":false,"star_wars":false,"political_symbols":false,"nazi_symbols":false},"deployment":{"production_enabled":false,"release_group":"v1","rollout_stage":"none"},"audit":{"last_modified_by":"generation-pipeline:85ec8a7c-fd31-4194-99e0-6450f028e1bc","last_modified_at":"2026-05-08","review_notes":null}}
[PIPELINE] stage 7 — onboardingSubmit returned 85ec8a7c-fd31-4194-99e0-6450f028e1bc
[PIPELINE] stage 7 — onboardingResult raw: {"success":true,"action":"submit","asset_id":"hat_gen_85ec8a7c","message":"Asset onboarded successfully — 1 warning(s) recorded","asset":{"asset_id":"hat_gen_85ec8a7c","slot":"hat","display_name":"a safari pith helmet in khaki","current_status":"draft","production_enabled":false,"storage_path":"85ec8a7c-fd31-4194-99e0-6450f028e1bc/generated.glb","metadata":{"audit":{"review_notes":null,"last_modified_at":"2026-05-08","last_modified_by":"generation-pipeline:85ec8a7c-fd31-4194-99e0-6450f028e1bc"},"visual":{"accent_color":null,"primary_color":null,"secondary_color":null,"silhouette_type":"hat","thumbnail_priority":5},"identity":{"slot":"hat","status":"draft","version":"1.0","asset_id":"hat_gen_85ec8a7c","created_at":"2026-05-08","created_by":"generation-pipeline:85ec8a7c-fd31-4194-99e0-6450f028e1bc","approved_at":null,"approved_by":null,"display_name":"a safari pith helmet in khaki"},"technical":{"rig_required":false,"export_format":"glb","polycount_max":10000,"texture_format":"png","attachment_bone":"attach_head","attachment_type":"parented","file_size_kb_max":1024,"polycount_actual":1,"texture_embedded":false,"texture_resolution":"256x256","file_size_kb_actual":1},"deployment":{"release_group":"v1","rollout_stage":"none","production_enabled":false},"validation":{"qa_approved":false,"clipping_test_passed":false,"copyright_review_passed":false,"browser_validation_passed":false,"school_safe_review_passed":false,"thumbnail_readability_passed":false},"classification":{"rarity":"standard","school_safe":false,"whitelist_approved":false,"moderation_required":true},"schema_version":"1.0","forbidden_reference_check":{"nike":false,"adidas":false,"disney":false,"jordan":false,"marvel":false,"roblox":false,"fortnite":false,"minecraft":false,"star_wars":false,"nazi_symbols":false,"political_symbols":false}},"created_by":"generation-pipeline:85ec8a7c-fd31-4194-99e0-6450f028e1bc","created_at":"2026-05-08T14:28:09.33+00:00","last_modified_by":"generation-pipeline:85ec8a7c-fd31-4194-99e0-6450f028e1bc","last_modified_at":"2026-05-08T14:28:09.33+00:00"},"validation_run":{"id":"608019d2-8750-4734-8674-05638bb112d3","asset_id":"hat_gen_85ec8a7c","run_at":"2026-05-08T14:28:09.412749+00:00","triggered_by":"generation-pipeline:85ec8a7c-fd31-4194-99e0-6450f028e1bc","payload":{"audit":{"review_notes":null,"last_modified_at":"2026-05-08","last_modified_by":"generation-pipeline:85ec8a7c-fd31-4194-99e0-6450f028e1bc"},"visual":{"accent_color":null,"primary_color":null,"secondary_color":null,"silhouette_type":"hat","thumbnail_priority":5},"identity":{"slot":"hat","status":"draft","version":"1.0","asset_id":"hat_gen_85ec8a7c","created_at":"2026-05-08","created_by":"generation-pipeline:85ec8a7c-fd31-4194-99e0-6450f028e1bc","approved_at":null,"approved_by":null,"display_name":"a safari pith helmet in khaki"},"technical":{"rig_required":false,"export_format":"glb","polycount_max":10000,"texture_format":"png","attachment_bone":"attach_head","attachment_type":"parented","file_size_kb_max":1024,"polycount_actual":1,"texture_embedded":false,"texture_resolution":"256x256","file_size_kb_actual":1},"deployment":{"release_group":"v1","rollout_stage":"none","production_enabled":false},"validation":{"qa_approved":false,"clipping_test_passed":false,"copyright_review_passed":false,"browser_validation_passed":false,"school_safe_review_passed":false,"thumbnail_readability_passed":false},"classification":{"rarity":"standard","school_safe":false,"whitelist_approved":false,"moderation_required":true},"schema_version":"1.0","forbidden_reference_check":{"nike":false,"adidas":false,"disney":false,"jordan":false,"marvel":false,"roblox":false,"fortnite":false,"minecraft":false,"star_wars":false,"nazi_symbols":false,"political_symbols":false}},"response":{"valid":true,"errors":[],"asset_id":"hat_gen_85ec8a7c","warnings":[{"field":"technical.polycount_actual","actual":"1","message":"polycount_actual is at or below 50% of polycount_max — asset may be under-detailed for its declared budget","rule_id":"RULE-NUM-005","expected":"> 5000 (50% of polycount_max 10000)","severity":"WARNING"}],"manual_review_flags":[]},"valid":true,"error_count":0,"warning_count":1,"manual_review_count":0},"validation_errors":[],"validation_warnings":[{"rule_id":"RULE-NUM-005","severity":"WARNING","field":"technical.polycount_actual","message":"polycount_actual is at or below 50% of polycount_max — asset may be under-detailed for its declared budget","expected":"> 5000 (50% of polycount_max 10000)","actual":"1"}],"validation_manual_review_flags":[],"review_items_created":0,"open_review_items":[]} 85ec8a7c-fd31-4194-99e0-6450f028e1bc
[PIPELINE] stage 7 — checking onboardingResult.success 85ec8a7c-fd31-4194-99e0-6450f028e1bc
[PIPELINE] stage 7 — success branch entered, success: true 85ec8a7c-fd31-4194-99e0-6450f028e1bc
[PIPELINE] stage 7 — assigning onboardingValidationRunId 85ec8a7c-fd31-4194-99e0-6450f028e1bc
[PIPELINE] stage 7 — onboardingValidationRunId assigned: 608019d2-8750-4734-8674-05638bb112d3 85ec8a7c-fd31-4194-99e0-6450f028e1bc
[PIPELINE] stage 7 — calling logEvent passed 85ec8a7c-fd31-4194-99e0-6450f028e1bc
[PIPELINE] stage 7 done — callOnboardingSubmit accepted, validationRunId: 608019d2-8750-4734-8674-05638bb112d3 85ec8a7c-fd31-4194-99e0-6450f028e1bc
[PIPELINE] stage 8 start — uploadFileBytes GLB production 85ec8a7c-fd31-4194-99e0-6450f028e1bc hat_gen_85ec8a7c.glb
[PIPELINE] stage 8 done — uploadFileBytes GLB production 85ec8a7c-fd31-4194-99e0-6450f028e1bc
[PIPELINE] stage 8 start — uploadFileBytes thumbnail production 85ec8a7c-fd31-4194-99e0-6450f028e1bc hat_gen_85ec8a7c.png
[PIPELINE] stage 8 done — uploadFileBytes thumbnail production 85ec8a7c-fd31-4194-99e0-6450f028e1bc
[PIPELINE] stage 8 start — completeGenerationJob 85ec8a7c-fd31-4194-99e0-6450f028e1bc hat_gen_85ec8a7c validationRunId: 608019d2-8750-4734-8674-05638bb112d3
[DB] completion affected rows: 1
[PIPELINE] stage 8 done — completeGenerationJob 85ec8a7c-fd31-4194-99e0-6450f028e1bc
